{"stats":{"minecraft:killed_by":{"minecraft:player":1,"minecraft:skeleton":1},"minecraft:picked_up":{"minecraft:enchanting_table":1,"minecraft:cooked_beef":25,"minecraft:diamond_sword":1,"nethertitan:arambulo_pata_3":3,"nethertitan:arambulo_pata":4,"minecraft:rotten_flesh":1,"minecraft:bone":2,"minecraft:dirt":5,"minecraft:iron_axe":1,"minecraft:iron_leggings":1,"minecraft:arrow":1,"minecraft:diamond_chestplate":1,"minecraft:stone_bricks":4,"minecraft:iron_helmet":1,"minecraft:totem_of_undying":2,"minecraft:iron_pickaxe":2,"minecraft:oak_planks":36,"minecraft:oak_leaves":2,"minecraft:iron_boots":1,"minecraft:ender_pearl":2},"minecraft:custom":{"minecraft:time_since_rest":7837,"minecraft:damage_absorbed":40,"minecraft:interact_with_furnace":1,"minecraft:sprint_one_cm":114494,"minecraft:damage_taken":1744,"minecraft:walk_one_cm":56008,"minecraft:damage_blocked_by_shield":85,"minecraft:mob_kills":5,"minecraft:drop":14,"minecraft:player_kills":1,"minecraft:damage_dealt":1500,"minecraft:talked_to_villager":3,"minecraft:swim_one_cm":5685,"minecraft:interact_with_crafting_table":5,"minecraft:fly_one_cm":169946,"minecraft:open_chest":20,"minecraft:crouch_one_cm":410,"minecraft:open_shulker_box":2,"minecraft:play_time":25224,"minecraft:deaths":3,"minecraft:sneak_time":342,"minecraft:walk_under_water_one_cm":3400,"minecraft:jump":706,"minecraft:walk_on_water_one_cm":1472,"minecraft:time_since_death":7830,"minecraft:total_world_time":25224,"minecraft:fall_one_cm":30634},"minecraft:dropped":{"nethertitan:arambulo_pata_3":6,"minecraft:rotten_flesh":1,"minecraft:iron_helmet":1,"minecraft:iron_leggings":1,"minecraft:oak_planks":36,"minecraft:iron_boots":1,"minecraft:arrow":1,"minecraft:iron_pickaxe":1,"nethertitan:arambulo_pata":4,"minecraft:bone":2},"minecraft:mined":{"minecraft:enchanting_table":1,"minecraft:grass":4,"minecraft:grass_block":2,"minecraft:dirt":5,"minecraft:stone_bricks":4,"minecraft:oak_leaves":2},"minecraft:used":{"minecraft:iron_axe":9,"minecraft:iron_pickaxe":9,"minecraft:ender_pearl":1,"minecraft:iron_helmet":1,"minecraft:shield":1,"minecraft:golden_apple":1,"minecraft:iron_boots":1,"minecraft:stone_bricks":4,"minecraft:oak_leaves":2,"minecraft:diamond_sword":37,"minecraft:dirt":3,"minecraft:cooked_beef":14,"minecraft:iron_leggings":1},"minecraft:crafted":{"minecraft:iron_boots":1,"minecraft:shield":1,"minecraft:iron_axe":1,"minecraft:stick":4,"minecraft:iron_helmet":1,"minecraft:iron_pickaxe":1,"minecraft:iron_leggings":1},"minecraft:killed":{"minecraft:skeleton":1,"minecraft:zombie":1,"nethertitan:arambulo":1,"nethertitan:arambulo_morado":1}},"DataVersion":2975}