{"stats":{"minecraft:killed_by":{"minecraft:player":1},"minecraft:picked_up":{"minecraft:cooked_beef":11,"minecraft:diamond_sword":1,"minecraft:dirt":5,"minecraft:iron_axe":1,"minecraft:iron_leggings":1,"minecraft:diamond_chestplate":1,"minecraft:stone_bricks":4,"minecraft:iron_helmet":1,"minecraft:iron_pickaxe":2,"minecraft:oak_planks":36,"minecraft:iron_boots":1,"minecraft:ender_pearl":1},"minecraft:custom":{"minecraft:time_since_rest":1444,"minecraft:interact_with_furnace":1,"minecraft:sprint_one_cm":56497,"minecraft:damage_taken":577,"minecraft:walk_one_cm":24879,"minecraft:drop":6,"minecraft:damage_dealt":88,"minecraft:swim_one_cm":3550,"minecraft:interact_with_crafting_table":5,"minecraft:fly_one_cm":78216,"minecraft:open_chest":18,"minecraft:crouch_one_cm":246,"minecraft:open_shulker_box":2,"minecraft:play_time":13224,"minecraft:deaths":2,"minecraft:sneak_time":184,"minecraft:walk_under_water_one_cm":3352,"minecraft:jump":287,"minecraft:walk_on_water_one_cm":45,"minecraft:time_since_death":1437,"minecraft:total_world_time":13224,"minecraft:fall_one_cm":9896},"minecraft:dropped":{"minecraft:iron_helmet":1,"minecraft:iron_leggings":1,"minecraft:oak_planks":36,"minecraft:iron_boots":1,"minecraft:iron_pickaxe":1},"minecraft:mined":{"minecraft:grass":2,"minecraft:grass_block":2,"minecraft:dirt":5,"minecraft:stone_bricks":4},"minecraft:used":{"minecraft:iron_pickaxe":8,"minecraft:ender_pearl":1,"minecraft:iron_helmet":1,"minecraft:iron_boots":1,"minecraft:dirt":3,"minecraft:cooked_beef":4,"minecraft:iron_leggings":1},"minecraft:crafted":{"minecraft:iron_boots":1,"minecraft:shield":1,"minecraft:iron_axe":1,"minecraft:stick":4,"minecraft:iron_helmet":1,"minecraft:iron_pickaxe":1,"minecraft:iron_leggings":1}},"DataVersion":2975}