{"stats":{"minecraft:picked_up":{"minecraft:coarse_dirt":1,"minecraft:cooked_beef":10,"minecraft:jungle_log":1,"minecraft:torch":28,"minecraft:porkchop":3,"minecraft:oak_log":12,"minecraft:string":1,"minecraft:dirt":11,"minecraft:shulker_box":5,"minecraft:rotten_flesh":1,"minecraft:bow":1,"minecraft:spruce_planks":6,"minecraft:iron_ingot":6,"minecraft:granite":2,"minecraft:rose_bush":1,"minecraft:bread":18,"minecraft:iron_pickaxe":1,"minecraft:diamond_helmet":1,"minecraft:blaze_rod":5,"minecraft:netherrack":36,"minecraft:nether_star":1,"minecraft:cobblestone":8},"minecraft:killed":{"minecraft:zombie":2,"minecraft:pig":1,"minecraft:blaze":3},"minecraft:used":{"minecraft:water_bucket":1,"minecraft:bread":18,"minecraft:iron_pickaxe":127,"minecraft:spruce_planks":3,"minecraft:totem_of_undying":1,"minecraft:golden_apple":8,"minecraft:diamond_sword":46,"minecraft:cobblestone":4,"minecraft:dirt":10,"minecraft:bucket":1,"minecraft:diamond_helmet":1,"minecraft:shulker_box":4,"minecraft:cooked_beef":7},"minecraft:killed_by":{"minecraft:wither":1,"minecraft:player":7,"minecraft:cave_spider":1,"minecraft:skeleton":1,"minecraft:creeper":2},"minecraft:custom":{"minecraft:time_since_rest":3475,"minecraft:damage_absorbed":363,"minecraft:sprint_one_cm":298145,"minecraft:damage_taken":6144,"minecraft:walk_one_cm":180255,"minecraft:mob_kills":5,"minecraft:damage_dealt":2298,"minecraft:damage_dealt_absorbed":46,"minecraft:swim_one_cm":26925,"minecraft:fly_one_cm":504042,"minecraft:player_kills":3,"minecraft:open_chest":2,"minecraft:crouch_one_cm":22785,"minecraft:open_shulker_box":5,"minecraft:play_time":145534,"minecraft:deaths":13,"minecraft:sneak_time":10301,"minecraft:walk_under_water_one_cm":1892,"minecraft:jump":1813,"minecraft:leave_game":3,"minecraft:walk_on_water_one_cm":3640,"minecraft:time_since_death":3469,"minecraft:total_world_time":145534,"minecraft:fall_one_cm":65192},"minecraft:mined":{"minecraft:coarse_dirt":1,"minecraft:spruce_planks":6,"minecraft:shulker_box":4,"minecraft:grass":5,"minecraft:grass_block":5,"minecraft:jungle_log":1,"minecraft:dirt":6,"minecraft:cobblestone":3,"minecraft:netherrack":36}},"DataVersion":2975}