{"stats":{"minecraft:picked_up":{"minecraft:jungle_log":1,"minecraft:rotten_flesh":1,"minecraft:bow":1,"minecraft:torch":28,"minecraft:spruce_planks":1,"minecraft:iron_ingot":6,"minecraft:oak_log":12,"minecraft:bread":15,"minecraft:iron_pickaxe":1,"minecraft:dirt":5},"minecraft:used":{"minecraft:dirt":3,"minecraft:bread":7,"minecraft:iron_pickaxe":42,"minecraft:spruce_planks":1},"minecraft:custom":{"minecraft:time_since_rest":3247,"minecraft:crouch_one_cm":14054,"minecraft:sprint_one_cm":108696,"minecraft:play_time":58501,"minecraft:deaths":5,"minecraft:damage_taken":1923,"minecraft:walk_one_cm":62369,"minecraft:sneak_time":4560,"minecraft:walk_under_water_one_cm":457,"minecraft:jump":700,"minecraft:damage_dealt":206,"minecraft:leave_game":1,"minecraft:walk_on_water_one_cm":838,"minecraft:time_since_death":3238,"minecraft:total_world_time":58501,"minecraft:swim_one_cm":12813,"minecraft:player_kills":1,"minecraft:fall_one_cm":29585,"minecraft:fly_one_cm":158464},"minecraft:mined":{"minecraft:grass":4,"minecraft:grass_block":2,"minecraft:spruce_planks":1,"minecraft:jungle_log":1,"minecraft:dirt":3},"minecraft:killed_by":{"minecraft:skeleton":1,"minecraft:creeper":1,"minecraft:player":2}},"DataVersion":2975}