{"stats":{"minecraft:picked_up":{"minecraft:coarse_dirt":1,"minecraft:cooked_beef":10,"minecraft:jungle_log":1,"minecraft:torch":28,"minecraft:porkchop":3,"minecraft:oak_log":12,"minecraft:shulker_box":4,"minecraft:dirt":11,"minecraft:rotten_flesh":1,"minecraft:bow":1,"minecraft:spruce_planks":6,"minecraft:iron_ingot":6,"minecraft:granite":2,"minecraft:rose_bush":1,"minecraft:bread":18,"minecraft:iron_pickaxe":1,"minecraft:diamond_helmet":1,"minecraft:cobblestone":8},"minecraft:used":{"minecraft:bread":18,"minecraft:iron_pickaxe":85,"minecraft:spruce_planks":3,"minecraft:diamond_sword":4,"minecraft:cobblestone":4,"minecraft:dirt":10,"minecraft:shulker_box":3,"minecraft:diamond_helmet":1,"minecraft:cooked_beef":4},"minecraft:custom":{"minecraft:time_since_rest":12395,"minecraft:sprint_one_cm":232778,"minecraft:damage_taken":4272,"minecraft:walk_one_cm":129741,"minecraft:mob_kills":2,"minecraft:damage_dealt":1054,"minecraft:damage_dealt_absorbed":20,"minecraft:swim_one_cm":26925,"minecraft:fly_one_cm":341252,"minecraft:player_kills":3,"minecraft:open_chest":2,"minecraft:crouch_one_cm":20883,"minecraft:open_shulker_box":4,"minecraft:play_time":116575,"minecraft:deaths":10,"minecraft:sneak_time":9416,"minecraft:walk_under_water_one_cm":1892,"minecraft:jump":1467,"minecraft:leave_game":3,"minecraft:walk_on_water_one_cm":3595,"minecraft:time_since_death":12388,"minecraft:total_world_time":116575,"minecraft:fall_one_cm":53050},"minecraft:mined":{"minecraft:coarse_dirt":1,"minecraft:spruce_planks":6,"minecraft:shulker_box":3,"minecraft:grass":5,"minecraft:grass_block":5,"minecraft:jungle_log":1,"minecraft:dirt":6,"minecraft:cobblestone":3},"minecraft:killed_by":{"minecraft:player":6,"minecraft:skeleton":1,"minecraft:creeper":2},"minecraft:killed":{"minecraft:zombie":1,"minecraft:pig":1}},"DataVersion":2975}