{"stats":{"minecraft:dropped":{"minecraft:iron_ingot":11,"minecraft:bread":4,"minecraft:porkchop":7,"minecraft:wheat_seeds":1,"minecraft:lapis_lazuli":41,"minecraft:cooked_beef":2,"minecraft:glow_ink_sac":3,"minecraft:crafting_table":1,"minecraft:iron_helmet":1,"minecraft:golden_apple":1,"minecraft:stick":7,"minecraft:cracked_polished_blackstone_bricks":5,"minecraft:torch":1,"minecraft:iron_leggings":2,"minecraft:iron_axe":1,"minecraft:iron_pickaxe":1,"minecraft:string":19,"minecraft:bucket":1,"minecraft:gold_ingot":6,"minecraft:bone":16,"minecraft:gravel":1,"minecraft:stone_axe":1,"minecraft:blackstone":8,"minecraft:cobbled_deepslate":1,"minecraft:tuff":1,"minecraft:pointed_dripstone":1,"minecraft:rotten_flesh":8,"minecraft:oak_planks":1,"minecraft:glowstone_dust":2,"minecraft:diamond_sword":1,"minecraft:hay_block":28,"minecraft:shield":2,"minecraft:gunpowder":28,"minecraft:diamond_pickaxe":1,"nethertitan:arambulo_pata_2":1,"minecraft:golden_leggings":1,"minecraft:ladder":3,"minecraft:wooden_pickaxe":2,"minecraft:stone_pickaxe":2,"minecraft:beef":23,"minecraft:raw_gold":32,"minecraft:netherrack":37},"minecraft:crafted":{"minecraft:oak_planks":20,"minecraft:furnace":1,"minecraft:flint_and_steel":1,"minecraft:diamond_helmet":1,"minecraft:bow":1,"minecraft:diamond_leggings":1,"minecraft:iron_axe":1,"minecraft:ladder":3,"minecraft:stone_pickaxe":1,"minecraft:diamond_boots":1,"minecraft:netherite_scrap":1,"minecraft:diamond_sword":2,"minecraft:diamond_axe":1,"minecraft:crafting_table":3,"minecraft:wooden_pickaxe":1,"minecraft:iron_helmet":1,"minecraft:bucket":3,"minecraft:spectral_arrow":12,"minecraft:stone_axe":1,"minecraft:air":0,"minecraft:diamond_pickaxe":2,"minecraft:stick":32,"minecraft:iron_ingot":66,"minecraft:iron_pickaxe":1,"minecraft:gold_ingot":18,"minecraft:iron_leggings":2,"minecraft:shears":1,"minecraft:diamond_chestplate":1},"minecraft:killed_by":{"minecraft:player":1,"nethertitan:arambulo_verde":2,"minecraft:zombie":1},"minecraft:killed":{"minecraft:cave_spider":2,"minecraft:zombified_piglin":4,"minecraft:spider":1,"minecraft:skeleton":8,"nethertitan:arambulo":2,"minecraft:piglin_brute":4,"minecraft:magma_cube":1,"minecraft:piglin":7,"minecraft:pig":4,"minecraft:bat":1,"minecraft:hoglin":1,"minecraft:creeper":2,"nethertitan:arambulo_verde":2,"minecraft:zombie":9,"minecraft:wither_skeleton":1,"minecraft:villager":1,"minecraft:blaze":41,"nethertitan:arambulo_morado":2,"minecraft:cow":13},"minecraft:used":{"minecraft:nether_brick_fence":1,"minecraft:flint_and_steel":6,"minecraft:netherrack":239,"minecraft:torch":3,"minecraft:dirt":5,"minecraft:nether_bricks":1,"minecraft:twisting_vines":2,"minecraft:diamond_helmet":1,"minecraft:tuff":14,"minecraft:lava_bucket":2,"minecraft:iron_axe":1,"minecraft:iron_helmet":1,"minecraft:totem_of_undying":1,"minecraft:glowstone":9,"minecraft:golden_carrot":1,"minecraft:bow":6,"minecraft:furnace":5,"minecraft:cooked_beef":43,"minecraft:cobbled_deepslate":333,"minecraft:iron_leggings":1,"minecraft:water_bucket":25,"minecraft:diorite":1,"minecraft:diamond_boots":1,"minecraft:oak_planks":22,"minecraft:stone_pickaxe":56,"minecraft:blackstone":25,"minecraft:wooden_pickaxe":17,"minecraft:diamond_axe":112,"minecraft:polished_blackstone_bricks":49,"minecraft:golden_apple":1,"minecraft:crafting_table":13,"minecraft:dripstone_block":4,"minecraft:shears":76,"minecraft:diamond_pickaxe":1008,"minecraft:dark_oak_log":1,"minecraft:cracked_polished_blackstone_bricks":2,"minecraft:iron_pickaxe":19,"minecraft:stone_axe":50,"minecraft:diamond_sword":388,"minecraft:cobblestone":93,"minecraft:andesite":1,"minecraft:bucket":29,"minecraft:diamond_leggings":1},"minecraft:custom":{"minecraft:mob_kills":109,"minecraft:interact_with_crafting_table":35,"minecraft:leave_game":7,"minecraft:time_since_death":204747,"minecraft:climb_one_cm":158,"minecraft:sprint_one_cm":1032899,"minecraft:walk_one_cm":564730,"minecraft:drop":51,"minecraft:damage_dealt_absorbed":3,"minecraft:talked_to_villager":3,"minecraft:play_time":225645,"minecraft:deaths":4,"minecraft:sneak_time":40905,"minecraft:walk_under_water_one_cm":9602,"minecraft:jump":264,"minecraft:walk_on_water_one_cm":12661,"minecraft:total_world_time":225645,"minecraft:interact_with_furnace":33,"minecraft:time_since_rest":205155,"minecraft:open_enderchest":1,"minecraft:damage_taken":3965,"minecraft:damage_absorbed":120,"minecraft:damage_dealt":22775,"minecraft:swim_one_cm":11078,"minecraft:fly_one_cm":80093,"minecraft:open_chest":28,"minecraft:crouch_one_cm":145380,"minecraft:fall_one_cm":5312},"minecraft:picked_up":{"minecraft:crafting_table":11,"nethertitan:arambulo_pata_2":6,"minecraft:nether_brick_fence":1,"minecraft:nether_wart":64,"minecraft:wooden_pickaxe":1,"minecraft:gold_block":1,"armaduras_d:nucleo_blocke":1,"nethertitan:arambulo_pata_3":6,"minecraft:shield":2,"minecraft:string":4,"minecraft:blackstone":33,"minecraft:cobbled_deepslate":334,"minecraft:beef":23,"minecraft:furnace":5,"minecraft:raw_iron":48,"minecraft:torch":5,"minecraft:porkchop":7,"minecraft:polished_blackstone_bricks":49,"minecraft:villager_spawn_egg":1,"minecraft:pointed_dripstone":1,"minecraft:diorite":1,"nethertitan:arambulo_pata":3,"minecraft:arrow":5,"minecraft:rotten_flesh":10,"minecraft:nether_bricks":1,"minecraft:hay_block":28,"minecraft:blaze_rod":20,"minecraft:obsidian":24,"minecraft:cobblestone":112,"minecraft:cooked_beef":13,"minecraft:glow_ink_sac":3,"minecraft:andesite":1,"minecraft:leather":12,"minecraft:golden_leggings":1,"minecraft:flint":1,"minecraft:tuff":15,"minecraft:oak_log":5,"minecraft:gunpowder":4,"minecraft:lapis_lazuli":82,"minecraft:dirt":5,"minecraft:twisting_vines":20,"minecraft:bone":5,"minecraft:bow":2,"minecraft:wheat_seeds":1,"minecraft:raw_gold":32,"minecraft:stone_pickaxe":1,"minecraft:cobweb":64,"minecraft:glowstone_dust":26,"minecraft:soul_sand":20,"minecraft:oak_planks":56,"minecraft:dripstone_block":4,"minecraft:gravel":1,"minecraft:dark_oak_log":1,"minecraft:diamond":59,"minecraft:cracked_polished_blackstone_bricks":7,"minecraft:netherrack":278,"minecraft:coal":58},"minecraft:mined":{"minecraft:diamond_ore":2,"minecraft:tuff":21,"minecraft:mossy_cobblestone":3,"minecraft:dark_oak_leaves":1,"minecraft:deepslate_diamond_ore":58,"minecraft:dark_oak_log":1,"minecraft:obsidian":24,"minecraft:nether_bricks":2,"minecraft:granite":1,"minecraft:grass_block":3,"minecraft:cracked_polished_blackstone_bricks":7,"armaduras_d:nucleo_blocke":1,"minecraft:nether_wart":39,"minecraft:spawner":5,"minecraft:hay_block":28,"minecraft:polished_blackstone_bricks":50,"minecraft:glowstone":9,"minecraft:furnace":5,"minecraft:iron_ore":39,"minecraft:cobbled_deepslate":22,"minecraft:fire":22,"minecraft:andesite":1,"minecraft:deepslate_lapis_ore":6,"minecraft:gold_block":1,"minecraft:nether_brick_fence":1,"minecraft:twisting_vines":9,"minecraft:deepslate_iron_ore":9,"minecraft:stone":109,"minecraft:soul_sand":20,"minecraft:blackstone":26,"minecraft:twisting_vines_plant":13,"minecraft:soul_fire":1,"minecraft:crimson_nylium":1,"minecraft:basalt":2,"minecraft:crafting_table":11,"minecraft:torch":1,"minecraft:warped_roots":2,"minecraft:chest":1,"minecraft:tall_grass":7,"minecraft:cobblestone":4,"minecraft:deepslate_gold_ore":33,"minecraft:oak_planks":56,"minecraft:diorite":1,"minecraft:wall_torch":2,"minecraft:warped_nylium":5,"minecraft:grass":8,"minecraft:oak_log":5,"minecraft:coal_ore":14,"minecraft:gravel":2,"minecraft:dripstone_block":4,"minecraft:dirt":2,"minecraft:cobweb":77,"minecraft:netherrack":319,"minecraft:oak_leaves":1,"minecraft:deepslate":323}},"DataVersion":2975}