{"stats":{"minecraft:dropped":{"minecraft:stone_axe":1,"minecraft:wheat_seeds":1,"minecraft:cooked_beef":2,"minecraft:glow_ink_sac":3,"minecraft:tuff":1,"minecraft:pointed_dripstone":1,"minecraft:iron_helmet":1,"minecraft:rotten_flesh":8,"minecraft:oak_planks":1,"minecraft:golden_apple":1,"minecraft:shield":1,"minecraft:torch":1,"nethertitan:arambulo_pata_2":1,"minecraft:iron_leggings":1,"minecraft:iron_axe":1,"minecraft:wooden_pickaxe":2,"minecraft:stone_pickaxe":2,"minecraft:iron_pickaxe":1,"minecraft:bucket":1},"minecraft:crafted":{"minecraft:oak_planks":20,"minecraft:diamond_sword":1,"minecraft:diamond_axe":1,"minecraft:crafting_table":2,"minecraft:wooden_pickaxe":1,"minecraft:iron_helmet":1,"minecraft:furnace":1,"minecraft:bucket":3,"minecraft:stone_axe":1,"minecraft:air":0,"minecraft:bow":1,"minecraft:diamond_helmet":1,"minecraft:diamond_leggings":1,"minecraft:diamond_pickaxe":1,"minecraft:iron_axe":1,"minecraft:stick":16,"minecraft:iron_ingot":32,"minecraft:iron_pickaxe":1,"minecraft:stone_pickaxe":1,"minecraft:diamond_boots":1,"minecraft:iron_leggings":1,"minecraft:shears":1,"minecraft:diamond_chestplate":1},"minecraft:killed_by":{"minecraft:player":1,"nethertitan:arambulo_verde":2,"minecraft:zombie":1},"minecraft:killed":{"minecraft:cave_spider":2,"minecraft:pig":4,"minecraft:spider":1,"minecraft:bat":1,"minecraft:creeper":2,"minecraft:skeleton":6,"minecraft:zombie":9,"minecraft:villager":1,"minecraft:cow":13},"minecraft:used":{"minecraft:water_bucket":25,"minecraft:diorite":1,"minecraft:diamond_boots":1,"minecraft:stone_pickaxe":56,"minecraft:wooden_pickaxe":17,"minecraft:diamond_axe":109,"minecraft:torch":3,"minecraft:dirt":5,"minecraft:crafting_table":11,"minecraft:diamond_helmet":1,"minecraft:dripstone_block":4,"minecraft:tuff":14,"minecraft:shears":76,"minecraft:diamond_pickaxe":578,"minecraft:lava_bucket":2,"minecraft:dark_oak_log":1,"minecraft:iron_axe":1,"minecraft:iron_pickaxe":19,"minecraft:iron_helmet":1,"minecraft:totem_of_undying":1,"minecraft:stone_axe":50,"minecraft:diamond_sword":93,"minecraft:cobblestone":93,"minecraft:furnace":3,"minecraft:bucket":29,"minecraft:andesite":1,"minecraft:cooked_beef":27,"minecraft:cobbled_deepslate":202,"minecraft:diamond_leggings":1,"minecraft:iron_leggings":1},"minecraft:custom":{"minecraft:interact_with_furnace":24,"minecraft:mob_kills":40,"minecraft:interact_with_crafting_table":25,"minecraft:leave_game":5,"minecraft:time_since_death":136299,"minecraft:time_since_rest":136707,"minecraft:damage_absorbed":78,"minecraft:sprint_one_cm":640650,"minecraft:open_enderchest":1,"minecraft:damage_taken":2847,"minecraft:walk_one_cm":315040,"minecraft:drop":24,"minecraft:damage_dealt":7487,"minecraft:talked_to_villager":1,"minecraft:swim_one_cm":8126,"minecraft:damage_dealt_absorbed":3,"minecraft:fly_one_cm":76785,"minecraft:open_chest":11,"minecraft:crouch_one_cm":93935,"minecraft:play_time":157197,"minecraft:deaths":4,"minecraft:sneak_time":28705,"minecraft:walk_under_water_one_cm":9369,"minecraft:jump":264,"minecraft:walk_on_water_one_cm":11735,"minecraft:total_world_time":157197,"minecraft:fall_one_cm":5312},"minecraft:picked_up":{"nethertitan:arambulo_pata_2":1,"minecraft:crafting_table":10,"minecraft:glow_ink_sac":3,"minecraft:andesite":1,"minecraft:leather":12,"minecraft:wooden_pickaxe":1,"minecraft:tuff":15,"minecraft:oak_log":5,"minecraft:shield":1,"minecraft:gunpowder":4,"minecraft:string":4,"minecraft:lapis_lazuli":41,"minecraft:dirt":5,"minecraft:bone":3,"minecraft:bow":2,"minecraft:wheat_seeds":1,"minecraft:cobbled_deepslate":323,"minecraft:raw_gold":32,"minecraft:stone_pickaxe":1,"minecraft:beef":23,"minecraft:cobweb":64,"minecraft:oak_planks":56,"minecraft:furnace":3,"minecraft:raw_iron":48,"minecraft:torch":5,"minecraft:dripstone_block":4,"minecraft:porkchop":7,"minecraft:villager_spawn_egg":1,"minecraft:pointed_dripstone":1,"minecraft:diorite":1,"minecraft:dark_oak_log":1,"minecraft:arrow":3,"minecraft:rotten_flesh":10,"minecraft:diamond":59,"minecraft:hay_block":28,"minecraft:obsidian":24,"minecraft:coal":26,"minecraft:cobblestone":112},"minecraft:mined":{"minecraft:diamond_ore":2,"minecraft:tuff":21,"minecraft:mossy_cobblestone":3,"minecraft:dark_oak_leaves":1,"minecraft:deepslate_diamond_ore":58,"minecraft:dark_oak_log":1,"minecraft:obsidian":24,"minecraft:crafting_table":10,"minecraft:torch":1,"minecraft:granite":1,"minecraft:grass_block":3,"minecraft:tall_grass":7,"minecraft:cobblestone":4,"minecraft:deepslate_gold_ore":33,"minecraft:oak_planks":56,"minecraft:diorite":1,"minecraft:wall_torch":2,"minecraft:spawner":5,"minecraft:hay_block":28,"minecraft:furnace":3,"minecraft:iron_ore":39,"minecraft:cobbled_deepslate":9,"minecraft:fire":6,"minecraft:andesite":1,"minecraft:deepslate_lapis_ore":6,"minecraft:grass":8,"minecraft:oak_log":5,"minecraft:coal_ore":14,"minecraft:deepslate_iron_ore":9,"minecraft:dripstone_block":4,"minecraft:dirt":2,"minecraft:cobweb":77,"minecraft:stone":109,"minecraft:oak_leaves":1,"minecraft:deepslate":323}},"DataVersion":2975}