{"stats":{"minecraft:dropped":{"minecraft:stone_axe":1,"minecraft:wheat_seeds":1,"minecraft:glow_ink_sac":3,"minecraft:pointed_dripstone":1,"minecraft:iron_helmet":1,"minecraft:torch":1,"nethertitan:arambulo_pata_2":1,"minecraft:iron_leggings":1,"minecraft:iron_axe":1,"minecraft:wooden_pickaxe":2,"minecraft:stone_pickaxe":2,"minecraft:iron_pickaxe":1,"minecraft:bucket":1},"minecraft:crafted":{"minecraft:oak_planks":20,"minecraft:diamond_sword":1,"minecraft:crafting_table":2,"minecraft:wooden_pickaxe":1,"minecraft:iron_helmet":1,"minecraft:furnace":1,"minecraft:bucket":3,"minecraft:stone_axe":1,"minecraft:air":0,"minecraft:diamond_helmet":1,"minecraft:diamond_leggings":1,"minecraft:diamond_pickaxe":1,"minecraft:iron_axe":1,"minecraft:stick":16,"minecraft:iron_ingot":32,"minecraft:iron_pickaxe":1,"minecraft:stone_pickaxe":1,"minecraft:diamond_boots":1,"minecraft:iron_leggings":1,"minecraft:diamond_chestplate":1},"minecraft:killed_by":{"minecraft:player":1,"nethertitan:arambulo_verde":2,"minecraft:zombie":1},"minecraft:killed":{"minecraft:pig":4,"minecraft:creeper":1,"minecraft:skeleton":4,"minecraft:zombie":2,"minecraft:villager":1,"minecraft:cow":13},"minecraft:used":{"minecraft:water_bucket":5,"minecraft:diorite":1,"minecraft:diamond_boots":1,"minecraft:stone_pickaxe":56,"minecraft:wooden_pickaxe":17,"minecraft:torch":2,"minecraft:dirt":5,"minecraft:crafting_table":11,"minecraft:diamond_helmet":1,"minecraft:dripstone_block":4,"minecraft:tuff":14,"minecraft:diamond_pickaxe":465,"minecraft:lava_bucket":2,"minecraft:dark_oak_log":1,"minecraft:iron_axe":1,"minecraft:iron_pickaxe":19,"minecraft:iron_helmet":1,"minecraft:totem_of_undying":1,"minecraft:stone_axe":50,"minecraft:diamond_sword":78,"minecraft:cobblestone":93,"minecraft:furnace":3,"minecraft:bucket":9,"minecraft:andesite":1,"minecraft:cooked_beef":19,"minecraft:cobbled_deepslate":133,"minecraft:diamond_leggings":1,"minecraft:iron_leggings":1},"minecraft:custom":{"minecraft:interact_with_furnace":24,"minecraft:mob_kills":26,"minecraft:interact_with_crafting_table":24,"minecraft:leave_game":5,"minecraft:time_since_death":94299,"minecraft:time_since_rest":94707,"minecraft:damage_absorbed":78,"minecraft:sprint_one_cm":458491,"minecraft:open_enderchest":1,"minecraft:damage_taken":2416,"minecraft:walk_one_cm":226729,"minecraft:drop":15,"minecraft:damage_dealt":4689,"minecraft:talked_to_villager":1,"minecraft:swim_one_cm":6848,"minecraft:damage_dealt_absorbed":3,"minecraft:fly_one_cm":75929,"minecraft:crouch_one_cm":64634,"minecraft:play_time":115197,"minecraft:deaths":4,"minecraft:sneak_time":19187,"minecraft:walk_under_water_one_cm":8686,"minecraft:jump":264,"minecraft:walk_on_water_one_cm":8183,"minecraft:total_world_time":115197,"minecraft:fall_one_cm":5312},"minecraft:picked_up":{"nethertitan:arambulo_pata_2":1,"minecraft:crafting_table":9,"minecraft:glow_ink_sac":3,"minecraft:andesite":1,"minecraft:leather":12,"minecraft:wooden_pickaxe":1,"minecraft:tuff":15,"minecraft:oak_log":5,"minecraft:shield":1,"minecraft:gunpowder":2,"minecraft:lapis_lazuli":41,"minecraft:dirt":5,"minecraft:bone":3,"minecraft:bow":1,"minecraft:wheat_seeds":1,"minecraft:cobbled_deepslate":276,"minecraft:raw_gold":24,"minecraft:stone_pickaxe":1,"minecraft:beef":23,"minecraft:furnace":3,"minecraft:raw_iron":48,"minecraft:torch":3,"minecraft:dripstone_block":4,"minecraft:porkchop":7,"minecraft:pointed_dripstone":1,"minecraft:diorite":1,"minecraft:dark_oak_log":1,"minecraft:arrow":3,"minecraft:rotten_flesh":2,"minecraft:diamond":37,"minecraft:hay_block":28,"minecraft:coal":26,"minecraft:cobblestone":110},"minecraft:mined":{"minecraft:diamond_ore":2,"minecraft:tuff":21,"minecraft:dark_oak_leaves":1,"minecraft:deepslate_diamond_ore":35,"minecraft:dark_oak_log":1,"minecraft:crafting_table":9,"minecraft:torch":1,"minecraft:granite":1,"minecraft:grass_block":3,"minecraft:tall_grass":7,"minecraft:cobblestone":2,"minecraft:deepslate_gold_ore":25,"minecraft:diorite":1,"minecraft:wall_torch":1,"minecraft:hay_block":28,"minecraft:furnace":3,"minecraft:iron_ore":39,"minecraft:cobbled_deepslate":5,"minecraft:fire":5,"minecraft:andesite":1,"minecraft:deepslate_lapis_ore":6,"minecraft:grass":8,"minecraft:oak_log":5,"minecraft:coal_ore":14,"minecraft:deepslate_iron_ore":9,"minecraft:dripstone_block":4,"minecraft:dirt":2,"minecraft:stone":109,"minecraft:oak_leaves":1,"minecraft:deepslate":279}},"DataVersion":2975}