{"stats":{"minecraft:picked_up":{"minecraft:crafting_table":5,"nethertitan:arambulo_pata_2":1,"minecraft:glow_ink_sac":3,"minecraft:andesite":1,"minecraft:wooden_pickaxe":1,"minecraft:tuff":8,"minecraft:oak_log":5,"minecraft:shield":1,"minecraft:dirt":1,"minecraft:bone":2,"minecraft:cobbled_deepslate":60,"minecraft:raw_gold":20,"minecraft:stone_pickaxe":1,"minecraft:furnace":1,"minecraft:raw_iron":5,"minecraft:torch":3,"minecraft:porkchop":7,"minecraft:diorite":1,"minecraft:dark_oak_log":1,"minecraft:arrow":2,"minecraft:diamond":13,"minecraft:coal":7,"minecraft:cobblestone":55},"minecraft:used":{"minecraft:diorite":1,"minecraft:stone_pickaxe":56,"minecraft:wooden_pickaxe":17,"minecraft:torch":2,"minecraft:dirt":1,"minecraft:crafting_table":6,"minecraft:tuff":8,"minecraft:diamond_pickaxe":90,"minecraft:dark_oak_log":1,"minecraft:iron_pickaxe":19,"minecraft:stone_axe":15,"minecraft:cobblestone":41,"minecraft:furnace":1,"minecraft:andesite":1,"minecraft:cooked_beef":10,"minecraft:cobbled_deepslate":57},"minecraft:crafted":{"minecraft:oak_planks":20,"minecraft:crafting_table":2,"minecraft:wooden_pickaxe":1,"minecraft:furnace":1,"minecraft:stone_axe":1,"minecraft:air":0,"minecraft:diamond_pickaxe":1,"minecraft:stick":12,"minecraft:iron_ingot":3,"minecraft:iron_pickaxe":1,"minecraft:stone_pickaxe":1,"minecraft:diamond_chestplate":1},"minecraft:custom":{"minecraft:interact_with_furnace":2,"minecraft:mob_kills":5,"minecraft:interact_with_crafting_table":9,"minecraft:leave_game":3,"minecraft:time_since_death":36597,"minecraft:time_since_rest":37005,"minecraft:sprint_one_cm":199373,"minecraft:open_enderchest":1,"minecraft:damage_taken":1850,"minecraft:walk_one_cm":154573,"minecraft:drop":2,"minecraft:damage_dealt":804,"minecraft:damage_dealt_absorbed":3,"minecraft:swim_one_cm":1712,"minecraft:fly_one_cm":74628,"minecraft:crouch_one_cm":34176,"minecraft:play_time":57495,"minecraft:deaths":4,"minecraft:sneak_time":9187,"minecraft:walk_under_water_one_cm":4657,"minecraft:jump":264,"minecraft:walk_on_water_one_cm":6948,"minecraft:total_world_time":57495,"minecraft:fall_one_cm":5312},"minecraft:mined":{"minecraft:tuff":14,"minecraft:dark_oak_leaves":1,"minecraft:deepslate_diamond_ore":13,"minecraft:dark_oak_log":1,"minecraft:crafting_table":5,"minecraft:torch":1,"minecraft:grass_block":1,"minecraft:deepslate_gold_ore":20,"minecraft:diorite":1,"minecraft:wall_torch":1,"minecraft:furnace":1,"minecraft:cobbled_deepslate":3,"minecraft:iron_ore":3,"minecraft:andesite":1,"minecraft:coal_ore":4,"minecraft:oak_log":5,"minecraft:deepslate_iron_ore":2,"minecraft:stone":56,"minecraft:oak_leaves":1,"minecraft:deepslate":63},"minecraft:dropped":{"minecraft:stone_pickaxe":1,"minecraft:wooden_pickaxe":1},"minecraft:killed_by":{"minecraft:player":1,"nethertitan:arambulo_verde":2,"minecraft:zombie":1},"minecraft:killed":{"minecraft:pig":4,"minecraft:skeleton":1}},"DataVersion":2975}