{"stats":{"minecraft:picked_up":{"minecraft:raw_iron":3,"minecraft:crafting_table":3,"nethertitan:arambulo_pata_2":1,"minecraft:andesite":1,"minecraft:torch":3,"minecraft:porkchop":7,"minecraft:oak_log":5,"minecraft:diorite":1,"minecraft:shield":1,"minecraft:dark_oak_log":1,"minecraft:dirt":1,"minecraft:bone":2,"minecraft:arrow":2,"minecraft:diamond":2,"minecraft:cobbled_deepslate":6,"minecraft:coal":7,"minecraft:cobblestone":55,"minecraft:furnace":1},"minecraft:used":{"minecraft:dark_oak_log":1,"minecraft:stone_pickaxe":51,"minecraft:iron_pickaxe":8,"minecraft:wooden_pickaxe":17,"minecraft:torch":2,"minecraft:stone_axe":12,"minecraft:dirt":1,"minecraft:cobblestone":41,"minecraft:crafting_table":4,"minecraft:furnace":1,"minecraft:cooked_beef":5,"minecraft:cobbled_deepslate":2},"minecraft:crafted":{"minecraft:oak_planks":20,"minecraft:crafting_table":2,"minecraft:stick":8,"minecraft:iron_pickaxe":1,"minecraft:iron_ingot":3,"minecraft:wooden_pickaxe":1,"minecraft:stone_pickaxe":1,"minecraft:furnace":1,"minecraft:stone_axe":1,"minecraft:air":0},"minecraft:custom":{"minecraft:time_since_rest":17537,"minecraft:interact_with_furnace":2,"minecraft:sprint_one_cm":99759,"minecraft:open_enderchest":1,"minecraft:damage_taken":1530,"minecraft:walk_one_cm":113243,"minecraft:mob_kills":5,"minecraft:damage_dealt":705,"minecraft:swim_one_cm":1712,"minecraft:damage_dealt_absorbed":3,"minecraft:interact_with_crafting_table":4,"minecraft:fly_one_cm":73318,"minecraft:crouch_one_cm":22777,"minecraft:play_time":38027,"minecraft:deaths":4,"minecraft:sneak_time":5889,"minecraft:walk_under_water_one_cm":1611,"minecraft:jump":264,"minecraft:leave_game":1,"minecraft:time_since_death":17129,"minecraft:walk_on_water_one_cm":4433,"minecraft:total_world_time":38027,"minecraft:fall_one_cm":5312},"minecraft:mined":{"minecraft:furnace":1,"minecraft:dark_oak_leaves":1,"minecraft:deepslate_diamond_ore":2,"minecraft:iron_ore":3,"minecraft:dark_oak_log":1,"minecraft:andesite":1,"minecraft:torch":1,"minecraft:crafting_table":3,"minecraft:coal_ore":4,"minecraft:grass_block":1,"minecraft:oak_log":5,"minecraft:stone":56,"minecraft:deepslate":7,"minecraft:diorite":1,"minecraft:oak_leaves":1,"minecraft:wall_torch":1},"minecraft:killed_by":{"minecraft:player":1,"nethertitan:arambulo_verde":2,"minecraft:zombie":1},"minecraft:killed":{"minecraft:skeleton":1,"minecraft:pig":4}},"DataVersion":2975}