{"stats":{"minecraft:killed_by":{"minecraft:creeper":10,"nethertitan:arambulo_verde":2,"minecraft:player":5,"reviil:r_eviil":2,"minecraft:iron_golem":1},"minecraft:picked_up":{"nethertitan:arambulo_pata_2":18,"minecraft:redstone_block":2,"minecraft:creeper_head":11,"minecraft:diamond_sword":1,"minecraft:wither_rose":1,"nethertitan:arambulo_pata_3":47,"minecraft:amethyst_block":223,"minecraft:string":30,"minecraft:zombie_head":2,"minecraft:diamond_leggings":1,"minecraft:gold_nugget":1,"minecraft:cobbled_deepslate":142,"minecraft:redstone_torch":2,"minecraft:calcite":112,"minecraft:iron_pickaxe":2,"minecraft:enchanted_golden_apple":1,"minecraft:stick":8,"minecraft:oak_fence":4,"minecraft:torch":9,"minecraft:porkchop":2,"minecraft:diorite":1,"nethertitan:se_busca_eon":1,"minecraft:stone_sword":1,"minecraft:command_block":2,"minecraft:rotten_flesh":35,"minecraft:blaze_rod":1,"minecraft:obsidian":8,"minecraft:cod":1,"minecraft:cobblestone":75,"minecraft:barrier":2,"minecraft:cooked_beef":2,"minecraft:andesite":1,"minecraft:flint":1,"minecraft:tuff":11,"minecraft:lapis_lazuli":43,"minecraft:dirt":288,"minecraft:twisting_vines":4,"minecraft:bone":6,"minecraft:bow":2,"minecraft:wheat_seeds":1,"minecraft:raw_gold":43,"minecraft:oak_planks":11,"minecraft:waxed_exposed_copper":1,"minecraft:sand":147,"minecraft:ink_sac":2,"minecraft:grass_block":1,"minecraft:dark_oak_log":1,"minecraft:shulker_box":4,"minecraft:diamond":22,"minecraft:lever":1,"minecraft:writable_book":3,"minecraft:crossbow":1,"minecraft:granite":1,"minecraft:bread":57,"minecraft:oak_sapling":14,"minecraft:oak_leaves":236,"minecraft:wooden_pickaxe":1,"minecraft:shield":1,"minecraft:beef":10,"minecraft:poppy":9,"minecraft:sugar_cane":110,"minecraft:birch_sapling":5,"minecraft:raw_iron":74,"minecraft:stone":20,"minecraft:carrot":1,"minecraft:redstone":1,"nethertitan:arambulo_pata":17,"minecraft:arrow":7,"minecraft:diamond_chestplate":2,"minecraft:totem_of_undying":67,"minecraft:mutton":8,"minecraft:skeleton_skull":1,"minecraft:white_wool":3,"minecraft:leather":9,"minecraft:oak_log":43,"minecraft:gunpowder":22,"espada_celestial:espada_celestial":3,"minecraft:podzol":1,"minecraft:apple":1,"minecraft:stone_bricks":27,"minecraft:kelp":242,"minecraft:iron_ingot":43,"minecraft:stone_pickaxe":2,"minecraft:smooth_basalt":83,"minecraft:spyglass":1,"minecraft:amethyst_shard":40,"d_remake_mod:deditas":1,"minecraft:spruce_sapling":7,"minecraft:spruce_log":83,"minecraft:spider_eye":7,"minecraft:diamond_shovel":1,"minecraft:gray_wool":2,"minecraft:coal":15,"minecraft:ender_pearl":2},"minecraft:custom":{"minecraft:open_shulker_box":10,"minecraft:leave_game":19,"minecraft:time_since_death":11250,"minecraft:damage_resisted":2660,"minecraft:sprint_one_cm":1166410,"minecraft:damage_blocked_by_shield":3897,"minecraft:drop":336,"minecraft:talked_to_villager":35,"minecraft:play_time":988429,"minecraft:deaths":50,"minecraft:jump":7820,"minecraft:walk_on_water_one_cm":44939,"minecraft:interact_with_furnace":3,"minecraft:traded_with_villager":8,"minecraft:open_enderchest":5,"minecraft:damage_dealt":79739,"minecraft:player_kills":29,"minecraft:crouch_one_cm":54315,"minecraft:mob_kills":142,"minecraft:interact_with_anvil":1,"minecraft:inspect_hopper":9,"minecraft:walk_one_cm":1030641,"minecraft:damage_dealt_absorbed":609,"minecraft:sneak_time":28066,"minecraft:walk_under_water_one_cm":185306,"minecraft:total_world_time":988429,"minecraft:time_since_rest":11262,"minecraft:damage_taken":34049,"minecraft:damage_absorbed":9780,"minecraft:swim_one_cm":17736,"minecraft:fly_one_cm":2666780,"minecraft:open_chest":27,"minecraft:fall_one_cm":155527},"minecraft:dropped":{"minecraft:iron_sword":1,"minecraft:porkchop":2,"minecraft:lapis_lazuli":43,"minecraft:cooked_beef":142,"minecraft:oak_log":46,"minecraft:ender_pearl":20,"minecraft:diamond":22,"minecraft:crafting_table":1,"minecraft:leather":8,"minecraft:emerald":8,"minecraft:flint":1,"minecraft:spruce_leaves":1,"minecraft:dirt":89,"minecraft:writable_book":3,"minecraft:sand":128,"minecraft:iron_pickaxe":3,"minecraft:white_wool":3,"nethertitan:arambulo_pata":17,"minecraft:bone":4,"minecraft:compass":1,"minecraft:sugar_cane":16,"minecraft:cobbled_deepslate":13,"minecraft:obsidian":7,"minecraft:rotten_flesh":16,"minecraft:oak_planks":2,"minecraft:enchanted_golden_apple":9,"minecraft:diamond_shovel":2,"nethertitan:arambulo_pata_3":25,"minecraft:poppy":1,"minecraft:gunpowder":14,"nethertitan:arambulo_pata_2":8,"minecraft:arrow":330,"minecraft:podzol":65,"minecraft:beef":10,"minecraft:enchanted_book":1,"minecraft:iron_ingot":26,"minecraft:bread":402,"minecraft:oak_slab":1,"d_remake_mod:deditas":1,"minecraft:diamond_leggings":1,"minecraft:barrier":2,"minecraft:iron_helmet":1,"minecraft:cobblestone":4,"minecraft:book":37,"minecraft:apple":1,"minecraft:granite":1,"minecraft:command_block":2,"minecraft:coal":36,"minecraft:golden_apple":35,"minecraft:stick":2,"minecraft:gray_wool":2,"minecraft:waxed_exposed_copper":2,"minecraft:torch":100,"minecraft:zombie_head":2,"minecraft:diamond_helmet":2,"minecraft:iron_leggings":1,"nethertitan:arambulo_verde_spawn_egg":1,"minecraft:iron_axe":1,"espada_celestial:espada_celestial":3,"minecraft:string":28,"minecraft:spruce_sapling":1,"minecraft:redstone_block":2,"minecraft:ender_chest":1,"minecraft:stone_sword":2,"minecraft:deepslate":2,"minecraft:raw_iron":74,"minecraft:iron_boots":1,"minecraft:name_tag":1,"minecraft:totem_of_undying":10,"minecraft:shulker_box":6,"minecraft:shears":1,"minecraft:diamond_sword":3,"minecraft:stone":134,"minecraft:shield":3,"minecraft:diamond_chestplate":3,"minecraft:iron_chestplate":1,"minecraft:andesite":1,"minecraft:oak_sapling":13,"minecraft:stone_bricks":64,"minecraft:spider_eye":6,"minecraft:diamond_boots":2,"minecraft:spruce_log":49,"minecraft:bow":1,"minecraft:stone_pickaxe":2,"minecraft:raw_gold":42},"minecraft:mined":{"minecraft:obsidian":7,"minecraft:granite":1,"minecraft:grass_block":199,"minecraft:spawner":2,"minecraft:iron_ore":20,"minecraft:cobbled_deepslate":5,"minecraft:deepslate_lapis_ore":4,"minecraft:torch":2,"minecraft:sugar_cane":32,"minecraft:oak_planks":2,"minecraft:grass":9,"minecraft:sand":7,"minecraft:dirt":22,"minecraft:oak_leaves":252,"minecraft:deepslate":35,"minecraft:deepslate_diamond_ore":11,"minecraft:spruce_leaves":1,"minecraft:andesite":1,"minecraft:deepslate_iron_ore":32,"minecraft:stone":3,"minecraft:deepslate_gold_ore":26,"minecraft:diorite":3,"minecraft:spruce_log":33,"minecraft:birch_leaves":2,"minecraft:coal_ore":8,"minecraft:cobweb":4,"minecraft:stone_bricks":8,"minecraft:fern":1},"minecraft:used":{"minecraft:writable_book":32,"minecraft:polished_deepslate":1,"minecraft:poppy":1,"minecraft:oak_sign":5,"minecraft:chest":5,"minecraft:shield":28,"minecraft:stone":244,"minecraft:zombie_spawn_egg":6,"minecraft:creeper_head":1,"minecraft:warped_sign":2,"minecraft:player_head":13,"minecraft:rotten_flesh":1,"minecraft:spruce_leaves":37,"minecraft:soul_sand":1,"minecraft:skeleton_spawn_egg":1,"nethertitan:arambulo_verde_spawn_egg":6,"minecraft:cracked_deepslate_tiles":2,"minecraft:obsidian":30,"minecraft:villager_spawn_egg":2,"minecraft:lantern":5,"minecraft:grass_block":1168,"minecraft:dark_oak_leaves":66,"minecraft:stone_bricks":253,"minecraft:item_frame":1,"minecraft:deepslate_diamond_ore":15,"minecraft:dolphin_spawn_egg":5,"minecraft:infested_mossy_stone_bricks":7,"minecraft:magma_block":2,"minecraft:bow":104,"minecraft:oxidized_cut_copper_stairs":1,"minecraft:gold_block":31,"minecraft:dark_oak_sapling":27,"minecraft:birch_leaves":1,"reviil:r_eviil_spawn_egg":3,"minecraft:jungle_fence":1,"minecraft:oak_planks":90,"minecraft:ender_pearl":36,"minecraft:redstone_block":146,"minecraft:diamond_axe":12,"minecraft:sugar_cane":43,"minecraft:oak_leaves":134,"minecraft:golden_apple":75,"minecraft:sand":40,"nethertitan:arambulo_morado_spawn_egg":33,"minecraft:lingering_potion":34,"minecraft:shears":238,"minecraft:exposed_copper":2,"minecraft:redstone_torch":16,"minecraft:creeper_spawn_egg":139,"minecraft:deepslate_tiles":39,"minecraft:lever":8,"minecraft:dark_oak_log":1,"minecraft:bread":8,"minecraft:barrier":47,"minecraft:string":1,"minecraft:stone_button":1,"espada_celestial:espada_belica":79,"minecraft:diamond_ore":2,"minecraft:iron_door":2,"minecraft:deepslate":105,"minecraft:diamond_sword":23,"minecraft:chain":10,"minecraft:coarse_dirt":353,"minecraft:bone_meal":153,"minecraft:oak_fence":148,"minecraft:stone_sword":38,"espada_celestial:espada_celestial":642,"minecraft:flint_and_steel":9,"minecraft:carved_pumpkin":8,"minecraft:ender_chest":4,"minecraft:netherrack":6,"minecraft:torch":17,"minecraft:exposed_cut_copper_stairs":8,"minecraft:dirt":251,"minecraft:spyglass":6,"minecraft:anvil":1,"minecraft:hopper":3,"minecraft:shulker_box":2,"minecraft:shroomlight":1,"minecraft:iron_block":20,"minecraft:oak_stairs":2,"minecraft:spawner":4,"minecraft:totem_of_undying":52,"minecraft:waxed_exposed_cut_copper_slab":2,"minecraft:glowstone":7,"minecraft:podzol":375,"d_remake_mod:fogata":3,"minecraft:netherite_pickaxe":169,"minecraft:cooked_beef":3,"minecraft:cobbled_deepslate":2,"minecraft:enchanted_golden_apple":53,"minecraft:water_bucket":210,"minecraft:amethyst_block":105,"minecraft:glow_ink_sac":2,"espada_celestial:espada_ancestral":8,"minecraft:cracked_stone_bricks":20,"minecraft:glow_item_frame":208,"nethertitan:arambulo_spawn_egg":1,"minecraft:waxed_exposed_copper":102,"minecraft:oak_slab":200,"minecraft:campfire":19,"minecraft:spruce_log":27,"minecraft:oak_log":23,"minecraft:light":35,"minecraft:diamond_shovel":230,"minecraft:command_block":29,"minecraft:netherite_axe":36,"minecraft:spruce_sapling":74,"minecraft:fishing_rod":90,"minecraft:cobblestone":3,"minecraft:bucket":40,"minecraft:kelp":248,"minecraft:pillager_spawn_egg":2,"minecraft:splash_potion":167},"minecraft:crafted":{"minecraft:emerald":8,"minecraft:spruce_planks":136,"minecraft:stick":272,"minecraft:air":0},"minecraft:broken":{"minecraft:shears":1,"minecraft:iron_helmet":1},"minecraft:killed":{"minecraft:cave_spider":7,"minecraft:zombified_piglin":3,"minecraft:spider":4,"minecraft:dolphin":1,"minecraft:wither":1,"minecraft:skeleton":10,"nethertitan:arambulo":5,"minecraft:cat":2,"minecraft:iron_golem":11,"minecraft:creeper":8,"minecraft:pillager":2,"minecraft:goat":1,"nethertitan:arambulo_verde":11,"minecraft:zombie":29,"reviil:r_eviil":2,"minecraft:cow":3,"minecraft:blaze":2,"nethertitan:arambulo_morado":10,"minecraft:vindicator":2,"minecraft:snow_golem":1,"minecraft:bat":1,"minecraft:squid":1,"minecraft:villager":9,"minecraft:enderman":1}},"DataVersion":2975}