{"stats":{"minecraft:picked_up":{"nethertitan:arambulo_pata_2":11,"minecraft:creeper_head":5,"minecraft:wooden_pickaxe":1,"minecraft:diamond_sword":1,"minecraft:wither_rose":1,"nethertitan:arambulo_pata_3":23,"minecraft:string":13,"minecraft:gold_nugget":1,"minecraft:cobbled_deepslate":107,"minecraft:redstone_torch":2,"minecraft:sugar_cane":45,"minecraft:birch_sapling":5,"minecraft:stick":6,"minecraft:oak_fence":4,"minecraft:torch":5,"minecraft:porkchop":2,"minecraft:carrot":1,"nethertitan:se_busca_eon":1,"minecraft:redstone":1,"nethertitan:arambulo_pata":2,"minecraft:arrow":1,"minecraft:rotten_flesh":15,"minecraft:totem_of_undying":64,"minecraft:blaze_rod":1,"minecraft:mutton":8,"minecraft:obsidian":1,"minecraft:cod":1,"minecraft:skeleton_skull":1,"minecraft:white_wool":3,"minecraft:tuff":11,"minecraft:oak_log":40,"minecraft:gunpowder":8,"minecraft:dirt":1,"minecraft:podzol":1,"minecraft:bone":2,"minecraft:apple":1,"minecraft:bow":1,"minecraft:wheat_seeds":1,"minecraft:raw_gold":8,"minecraft:iron_ingot":3,"minecraft:stone_pickaxe":1,"minecraft:oak_planks":7,"minecraft:waxed_exposed_copper":1,"minecraft:spyglass":1,"minecraft:spruce_sapling":7,"d_remake_mod:deditas":1,"minecraft:ink_sac":2,"minecraft:grass_block":1,"minecraft:spruce_log":83,"minecraft:shulker_box":1,"minecraft:dark_oak_log":1,"minecraft:spider_eye":4,"minecraft:diamond":1,"minecraft:lever":1,"minecraft:gray_wool":2,"minecraft:bread":57,"minecraft:oak_sapling":13,"minecraft:ender_pearl":1},"minecraft:used":{"minecraft:oak_fence":148,"minecraft:writable_book":21,"espada_celestial:espada_celestial":168,"minecraft:polished_deepslate":1,"minecraft:flint_and_steel":8,"minecraft:oak_sign":1,"minecraft:chest":3,"minecraft:ender_chest":4,"minecraft:stone":6,"minecraft:zombie_spawn_egg":4,"minecraft:creeper_head":1,"minecraft:player_head":13,"minecraft:rotten_flesh":1,"minecraft:netherrack":6,"minecraft:spruce_leaves":37,"minecraft:torch":1,"minecraft:exposed_cut_copper_stairs":8,"minecraft:dirt":3,"minecraft:spyglass":6,"minecraft:anvil":1,"nethertitan:arambulo_verde_spawn_egg":6,"minecraft:cracked_deepslate_tiles":2,"minecraft:shulker_box":1,"minecraft:obsidian":30,"minecraft:shroomlight":1,"minecraft:villager_spawn_egg":2,"minecraft:lantern":5,"minecraft:grass_block":1166,"minecraft:oak_stairs":2,"minecraft:dark_oak_leaves":66,"minecraft:totem_of_undying":39,"minecraft:waxed_exposed_cut_copper_slab":2,"minecraft:item_frame":1,"minecraft:dolphin_spawn_egg":5,"minecraft:glowstone":7,"minecraft:infested_mossy_stone_bricks":7,"minecraft:bow":37,"minecraft:podzol":363,"minecraft:oxidized_cut_copper_stairs":1,"d_remake_mod:fogata":3,"minecraft:gold_block":31,"minecraft:cooked_beef":3,"minecraft:cobbled_deepslate":2,"minecraft:enchanted_golden_apple":26,"minecraft:dark_oak_sapling":27,"minecraft:water_bucket":4,"minecraft:birch_leaves":1,"minecraft:jungle_fence":1,"minecraft:oak_planks":88,"minecraft:ender_pearl":5,"minecraft:redstone_block":98,"espada_celestial:espada_ancestral":8,"minecraft:cracked_stone_bricks":17,"minecraft:waxed_exposed_copper":102,"minecraft:glow_item_frame":208,"minecraft:golden_apple":7,"minecraft:oak_slab":190,"nethertitan:arambulo_morado_spawn_egg":10,"minecraft:campfire":19,"minecraft:lingering_potion":34,"minecraft:spruce_log":27,"minecraft:exposed_copper":2,"minecraft:redstone_torch":16,"minecraft:creeper_spawn_egg":91,"minecraft:deepslate_tiles":39,"minecraft:oak_log":23,"minecraft:lever":8,"minecraft:light":33,"minecraft:dark_oak_log":1,"minecraft:command_block":23,"minecraft:bread":8,"minecraft:string":1,"minecraft:barrier":47,"minecraft:netherite_axe":34,"espada_celestial:espada_belica":79,"minecraft:deepslate":45,"minecraft:spruce_sapling":74,"minecraft:fishing_rod":90,"minecraft:bucket":3,"minecraft:chain":8,"minecraft:coarse_dirt":353,"minecraft:bone_meal":153,"minecraft:splash_potion":167},"minecraft:crafted":{"minecraft:emerald":8,"minecraft:spruce_planks":136,"minecraft:air":0,"minecraft:stick":272},"minecraft:custom":{"minecraft:interact_with_anvil":1,"minecraft:mob_kills":41,"minecraft:open_shulker_box":7,"minecraft:leave_game":12,"minecraft:time_since_death":30240,"minecraft:damage_resisted":910,"minecraft:sprint_one_cm":609655,"minecraft:walk_one_cm":564719,"minecraft:drop":110,"minecraft:damage_dealt_absorbed":289,"minecraft:talked_to_villager":18,"minecraft:walk_under_water_one_cm":4605,"minecraft:play_time":590227,"minecraft:sneak_time":15124,"minecraft:deaths":18,"minecraft:jump":3932,"minecraft:walk_on_water_one_cm":9824,"minecraft:total_world_time":590227,"minecraft:interact_with_furnace":1,"minecraft:traded_with_villager":8,"minecraft:time_since_rest":30247,"minecraft:open_enderchest":5,"minecraft:damage_taken":18862,"minecraft:damage_absorbed":4409,"minecraft:damage_dealt":19460,"minecraft:swim_one_cm":7889,"minecraft:fly_one_cm":1482162,"minecraft:player_kills":18,"minecraft:open_chest":2,"minecraft:crouch_one_cm":33554,"minecraft:fall_one_cm":58391},"minecraft:mined":{"minecraft:grass_block":1,"minecraft:spruce_log":33,"minecraft:grass":1,"minecraft:dirt":4},"minecraft:killed_by":{"minecraft:player":3},"minecraft:killed":{"minecraft:cave_spider":1,"minecraft:zombified_piglin":3,"minecraft:vindicator":2,"minecraft:spider":1,"minecraft:dolphin":1,"minecraft:wither":1,"minecraft:skeleton":1,"minecraft:snow_golem":1,"minecraft:cat":2,"minecraft:creeper":4,"minecraft:squid":1,"minecraft:goat":1,"nethertitan:arambulo_verde":6,"minecraft:zombie":9,"minecraft:blaze":2,"minecraft:enderman":1},"minecraft:dropped":{"minecraft:iron_ingot":13,"minecraft:bread":402,"minecraft:iron_sword":1,"minecraft:porkchop":2,"d_remake_mod:deditas":1,"minecraft:cooked_beef":89,"minecraft:oak_log":40,"minecraft:diamond":1,"minecraft:apple":1,"minecraft:golden_apple":23,"minecraft:emerald":8,"minecraft:spruce_leaves":1,"minecraft:gray_wool":2,"minecraft:waxed_exposed_copper":2,"minecraft:torch":35,"nethertitan:arambulo_verde_spawn_egg":1,"minecraft:string":12,"minecraft:white_wool":3,"minecraft:spruce_sapling":1,"minecraft:compass":1,"minecraft:ender_chest":1,"minecraft:deepslate":1,"minecraft:rotten_flesh":2,"minecraft:oak_planks":2,"minecraft:enchanted_golden_apple":2,"minecraft:shulker_box":3,"nethertitan:arambulo_pata_3":1,"minecraft:diamond_sword":1,"minecraft:stone":2,"minecraft:gunpowder":1,"minecraft:oak_sapling":13,"minecraft:spider_eye":3,"minecraft:spruce_log":49,"minecraft:arrow":322,"minecraft:podzol":65,"minecraft:stone_pickaxe":1,"minecraft:raw_gold":7}},"DataVersion":2975}