{"stats":{"minecraft:used":{"d_remake_mod:fogata":1,"minecraft:oak_planks":12,"minecraft:campfire":19,"minecraft:light":15,"minecraft:oak_slab":4,"minecraft:grass_block":766},"minecraft:picked_up":{"minecraft:stick":3,"minecraft:birch_sapling":5,"minecraft:wheat_seeds":1},"minecraft:custom":{"minecraft:jump":42,"minecraft:time_since_rest":14549,"minecraft:crouch_one_cm":23,"minecraft:sprint_one_cm":10830,"minecraft:leave_game":1,"minecraft:play_time":20838,"minecraft:deaths":2,"minecraft:time_since_death":14543,"minecraft:walk_one_cm":10574,"minecraft:sneak_time":556,"minecraft:total_world_time":20838,"minecraft:fly_one_cm":121622}},"DataVersion":2975}