{"stats":{"minecraft:picked_up":{"nethertitan:arambulo_pata_2":2,"minecraft:creeper_head":5,"minecraft:wooden_pickaxe":1,"minecraft:tuff":11,"nethertitan:arambulo_pata_3":1,"minecraft:oak_log":38,"minecraft:gunpowder":7,"minecraft:string":9,"minecraft:bone":2,"minecraft:bow":1,"minecraft:wheat_seeds":1,"minecraft:cobbled_deepslate":105,"minecraft:raw_gold":8,"minecraft:iron_ingot":3,"minecraft:stone_pickaxe":1,"minecraft:birch_sapling":5,"minecraft:oak_planks":7,"minecraft:stick":6,"minecraft:torch":1,"minecraft:oak_fence":4,"minecraft:porkchop":2,"minecraft:grass_block":1,"minecraft:spider_eye":4,"minecraft:arrow":1,"minecraft:rotten_flesh":8,"minecraft:diamond":1,"minecraft:gray_wool":2,"minecraft:totem_of_undying":64,"minecraft:bread":57,"minecraft:oak_sapling":12,"minecraft:mutton":8,"minecraft:skeleton_skull":1,"minecraft:white_wool":3,"minecraft:ender_pearl":1},"minecraft:killed":{"minecraft:cave_spider":1,"minecraft:spider":1,"minecraft:creeper":3,"minecraft:skeleton":1,"nethertitan:arambulo_verde":1,"minecraft:zombie":2,"minecraft:enderman":1},"minecraft:used":{"minecraft:oak_fence":116,"minecraft:water_bucket":1,"minecraft:writable_book":8,"espada_celestial:espada_celestial":25,"minecraft:polished_deepslate":1,"minecraft:birch_leaves":1,"minecraft:oak_planks":14,"minecraft:chest":2,"minecraft:creeper_head":1,"minecraft:zombie_spawn_egg":2,"minecraft:redstone_block":14,"minecraft:torch":1,"minecraft:waxed_exposed_copper":99,"minecraft:glow_item_frame":1,"minecraft:exposed_cut_copper_stairs":4,"minecraft:dirt":2,"minecraft:oak_slab":189,"nethertitan:arambulo_verde_spawn_egg":6,"nethertitan:arambulo_morado_spawn_egg":3,"minecraft:campfire":19,"minecraft:lingering_potion":34,"minecraft:spruce_log":22,"minecraft:exposed_copper":2,"minecraft:creeper_spawn_egg":76,"minecraft:shroomlight":1,"minecraft:oak_log":23,"minecraft:lever":2,"minecraft:light":33,"minecraft:dark_oak_log":1,"minecraft:command_block":12,"minecraft:lantern":5,"minecraft:grass_block":1116,"minecraft:oak_stairs":2,"minecraft:bread":8,"minecraft:dark_oak_leaves":66,"minecraft:totem_of_undying":39,"minecraft:spruce_sapling":68,"minecraft:deepslate":36,"minecraft:waxed_exposed_cut_copper_slab":2,"minecraft:item_frame":1,"d_remake_mod:fogata":3,"minecraft:oxidized_cut_copper_stairs":1,"minecraft:podzol":154,"minecraft:cobbled_deepslate":2,"minecraft:coarse_dirt":353,"minecraft:bone_meal":153,"minecraft:splash_potion":45,"minecraft:dark_oak_sapling":27},"minecraft:custom":{"minecraft:interact_with_furnace":1,"minecraft:mob_kills":13,"minecraft:leave_game":4,"minecraft:time_since_death":10004,"minecraft:time_since_rest":10020,"minecraft:damage_absorbed":2155,"minecraft:sprint_one_cm":221455,"minecraft:damage_taken":12293,"minecraft:walk_one_cm":199393,"minecraft:drop":46,"minecraft:damage_dealt":2606,"minecraft:swim_one_cm":388,"minecraft:fly_one_cm":502158,"minecraft:player_kills":1,"minecraft:crouch_one_cm":11042,"minecraft:play_time":183859,"minecraft:deaths":4,"minecraft:sneak_time":5306,"minecraft:walk_under_water_one_cm":868,"minecraft:jump":928,"minecraft:walk_on_water_one_cm":3238,"minecraft:total_world_time":183859,"minecraft:fall_one_cm":24936},"minecraft:mined":{"minecraft:dirt":4},"minecraft:dropped":{"minecraft:iron_ingot":13,"minecraft:bread":370,"minecraft:compass":1,"minecraft:porkchop":2,"minecraft:oak_log":38,"minecraft:diamond":1,"minecraft:rotten_flesh":1,"minecraft:oak_planks":2,"minecraft:golden_apple":5,"nethertitan:arambulo_pata_3":1,"minecraft:gray_wool":2,"minecraft:torch":25,"minecraft:oak_sapling":12,"minecraft:spider_eye":3,"minecraft:arrow":1,"minecraft:stone_pickaxe":1,"minecraft:raw_gold":7,"minecraft:string":9,"minecraft:white_wool":3}},"DataVersion":2975}