{"stats":{"minecraft:picked_up":{"minecraft:stick":3,"minecraft:gunpowder":2,"minecraft:wheat_seeds":1,"minecraft:oak_sapling":2,"minecraft:birch_sapling":5},"minecraft:killed":{"minecraft:creeper":1},"minecraft:used":{"minecraft:shroomlight":1,"minecraft:creeper_spawn_egg":1,"minecraft:oak_log":23,"minecraft:oak_fence":114,"minecraft:lever":2,"minecraft:light":33,"minecraft:writable_book":3,"espada_celestial:espada_celestial":2,"minecraft:polished_deepslate":1,"minecraft:dark_oak_log":1,"minecraft:command_block":7,"minecraft:grass_block":1115,"minecraft:birch_leaves":1,"minecraft:oak_stairs":2,"minecraft:oak_planks":14,"minecraft:chest":2,"minecraft:dark_oak_leaves":66,"minecraft:redstone_block":3,"minecraft:spruce_sapling":68,"minecraft:waxed_exposed_cut_copper_slab":2,"minecraft:item_frame":1,"minecraft:exposed_cut_copper_stairs":4,"minecraft:glow_item_frame":1,"minecraft:waxed_exposed_copper":99,"minecraft:dirt":2,"minecraft:oak_slab":189,"minecraft:podzol":145,"d_remake_mod:fogata":3,"minecraft:campfire":19,"minecraft:coarse_dirt":353,"minecraft:spruce_log":22,"minecraft:bone_meal":153,"minecraft:exposed_copper":2,"minecraft:dark_oak_sapling":27},"minecraft:custom":{"minecraft:time_since_rest":23750,"minecraft:sprint_one_cm":108627,"minecraft:damage_taken":320,"minecraft:walk_one_cm":126354,"minecraft:mob_kills":1,"minecraft:drop":6,"minecraft:damage_dealt":250,"minecraft:fly_one_cm":307255,"minecraft:crouch_one_cm":7223,"minecraft:play_time":122788,"minecraft:deaths":3,"minecraft:sneak_time":3527,"minecraft:jump":459,"minecraft:leave_game":3,"minecraft:time_since_death":23718,"minecraft:total_world_time":122788,"minecraft:fall_one_cm":4600},"minecraft:dropped":{"minecraft:bread":256,"minecraft:oak_sapling":2}},"DataVersion":2975}