{"stats":{"minecraft:picked_up":{"nethertitan:arambulo_pata_2":2,"minecraft:creeper_head":5,"minecraft:wooden_pickaxe":1,"nethertitan:arambulo_pata_3":23,"minecraft:string":9,"minecraft:gold_nugget":1,"minecraft:cobbled_deepslate":107,"minecraft:redstone_torch":2,"minecraft:sugar_cane":45,"minecraft:birch_sapling":5,"minecraft:stick":6,"minecraft:oak_fence":4,"minecraft:torch":2,"minecraft:porkchop":2,"minecraft:carrot":1,"minecraft:redstone":1,"nethertitan:arambulo_pata":2,"minecraft:arrow":1,"minecraft:rotten_flesh":15,"minecraft:totem_of_undying":64,"minecraft:blaze_rod":1,"minecraft:mutton":8,"minecraft:obsidian":1,"minecraft:cod":1,"minecraft:skeleton_skull":1,"minecraft:white_wool":3,"minecraft:tuff":11,"minecraft:oak_log":40,"minecraft:gunpowder":7,"minecraft:dirt":1,"minecraft:podzol":1,"minecraft:bone":2,"minecraft:apple":1,"minecraft:bow":1,"minecraft:wheat_seeds":1,"minecraft:raw_gold":8,"minecraft:iron_ingot":3,"minecraft:stone_pickaxe":1,"minecraft:oak_planks":7,"minecraft:waxed_exposed_copper":1,"minecraft:spyglass":1,"d_remake_mod:deditas":1,"minecraft:ink_sac":2,"minecraft:spruce_log":11,"minecraft:grass_block":1,"minecraft:shulker_box":1,"minecraft:spider_eye":4,"minecraft:dark_oak_log":1,"minecraft:diamond":1,"minecraft:gray_wool":2,"minecraft:bread":57,"minecraft:oak_sapling":13,"minecraft:ender_pearl":1},"minecraft:killed":{"minecraft:cave_spider":1,"minecraft:zombified_piglin":2,"minecraft:spider":1,"minecraft:dolphin":1,"minecraft:skeleton":1,"minecraft:snow_golem":1,"minecraft:creeper":3,"minecraft:squid":1,"minecraft:goat":1,"nethertitan:arambulo_verde":1,"minecraft:zombie":9,"minecraft:blaze":2,"minecraft:enderman":1},"minecraft:used":{"minecraft:oak_fence":148,"minecraft:writable_book":20,"espada_celestial:espada_celestial":82,"minecraft:polished_deepslate":1,"minecraft:flint_and_steel":8,"minecraft:oak_sign":1,"minecraft:chest":2,"minecraft:zombie_spawn_egg":4,"minecraft:creeper_head":1,"minecraft:player_head":13,"minecraft:rotten_flesh":1,"minecraft:netherrack":6,"minecraft:spruce_leaves":37,"minecraft:torch":1,"minecraft:exposed_cut_copper_stairs":4,"minecraft:dirt":3,"minecraft:spyglass":6,"nethertitan:arambulo_verde_spawn_egg":6,"minecraft:shulker_box":1,"minecraft:cracked_deepslate_tiles":2,"minecraft:obsidian":30,"minecraft:shroomlight":1,"minecraft:lantern":5,"minecraft:grass_block":1166,"minecraft:oak_stairs":2,"minecraft:dark_oak_leaves":66,"minecraft:totem_of_undying":39,"minecraft:waxed_exposed_cut_copper_slab":2,"minecraft:item_frame":1,"minecraft:dolphin_spawn_egg":5,"minecraft:glowstone":7,"minecraft:infested_mossy_stone_bricks":7,"minecraft:podzol":357,"minecraft:oxidized_cut_copper_stairs":1,"d_remake_mod:fogata":3,"minecraft:gold_block":31,"minecraft:cooked_beef":3,"minecraft:cobbled_deepslate":2,"minecraft:dark_oak_sapling":27,"minecraft:water_bucket":4,"minecraft:birch_leaves":1,"minecraft:oak_planks":88,"minecraft:redstone_block":93,"espada_celestial:espada_ancestral":4,"minecraft:cracked_stone_bricks":17,"minecraft:glow_item_frame":1,"minecraft:waxed_exposed_copper":100,"minecraft:oak_slab":190,"nethertitan:arambulo_morado_spawn_egg":10,"minecraft:campfire":19,"minecraft:lingering_potion":34,"minecraft:spruce_log":27,"minecraft:exposed_copper":2,"minecraft:redstone_torch":16,"minecraft:creeper_spawn_egg":91,"minecraft:deepslate_tiles":39,"minecraft:oak_log":23,"minecraft:lever":5,"minecraft:light":33,"minecraft:dark_oak_log":1,"minecraft:command_block":21,"minecraft:bread":8,"minecraft:barrier":47,"espada_celestial:espada_belica":7,"minecraft:spruce_sapling":68,"minecraft:deepslate":45,"minecraft:fishing_rod":90,"minecraft:bucket":3,"minecraft:chain":8,"minecraft:coarse_dirt":353,"minecraft:bone_meal":153,"minecraft:splash_potion":45},"minecraft:killed_by":{"minecraft:player":1},"minecraft:custom":{"minecraft:mob_kills":30,"minecraft:open_shulker_box":7,"minecraft:leave_game":11,"minecraft:time_since_death":58665,"minecraft:sprint_one_cm":505178,"minecraft:walk_one_cm":455349,"minecraft:drop":86,"minecraft:walk_under_water_one_cm":4605,"minecraft:play_time":501718,"minecraft:sneak_time":14212,"minecraft:deaths":16,"minecraft:jump":2939,"minecraft:walk_on_water_one_cm":9824,"minecraft:total_world_time":501718,"minecraft:interact_with_furnace":1,"minecraft:time_since_rest":58672,"minecraft:damage_taken":14189,"minecraft:damage_absorbed":2155,"minecraft:damage_dealt":9990,"minecraft:swim_one_cm":7889,"minecraft:fly_one_cm":1291484,"minecraft:player_kills":7,"minecraft:crouch_one_cm":32232,"minecraft:fall_one_cm":44640},"minecraft:mined":{"minecraft:grass_block":1,"minecraft:grass":1,"minecraft:dirt":4},"minecraft:dropped":{"minecraft:iron_ingot":13,"minecraft:bread":402,"minecraft:porkchop":2,"d_remake_mod:deditas":1,"minecraft:cooked_beef":89,"minecraft:oak_log":40,"minecraft:diamond":1,"minecraft:apple":1,"minecraft:golden_apple":23,"minecraft:spruce_leaves":1,"minecraft:gray_wool":2,"minecraft:waxed_exposed_copper":2,"minecraft:torch":27,"nethertitan:arambulo_verde_spawn_egg":1,"minecraft:string":9,"minecraft:white_wool":3,"minecraft:compass":1,"minecraft:deepslate":1,"minecraft:rotten_flesh":2,"minecraft:oak_planks":2,"minecraft:shulker_box":3,"nethertitan:arambulo_pata_3":1,"minecraft:oak_sapling":13,"minecraft:spider_eye":3,"minecraft:spruce_log":11,"minecraft:arrow":321,"minecraft:stone_pickaxe":1,"minecraft:podzol":65,"minecraft:raw_gold":7}},"DataVersion":2975}