{"stats":{"minecraft:killed_by":{"minecraft:player":5,"minecraft:creeper":9,"minecraft:iron_golem":1},"minecraft:crafted":{"minecraft:emerald":8,"minecraft:spruce_planks":136,"minecraft:air":0,"minecraft:stick":272},"minecraft:custom":{"minecraft:mob_kills":75,"minecraft:interact_with_anvil":1,"minecraft:inspect_hopper":9,"minecraft:open_shulker_box":7,"minecraft:leave_game":16,"minecraft:time_since_death":36377,"minecraft:damage_resisted":2096,"minecraft:sprint_one_cm":832587,"minecraft:walk_one_cm":779700,"minecraft:damage_blocked_by_shield":2367,"minecraft:drop":240,"minecraft:damage_dealt_absorbed":609,"minecraft:talked_to_villager":35,"minecraft:play_time":812279,"minecraft:deaths":32,"minecraft:sneak_time":19869,"minecraft:walk_under_water_one_cm":176976,"minecraft:jump":5530,"minecraft:walk_on_water_one_cm":13225,"minecraft:total_world_time":812279,"minecraft:interact_with_furnace":1,"minecraft:traded_with_villager":8,"minecraft:time_since_rest":36386,"minecraft:open_enderchest":5,"minecraft:damage_taken":24663,"minecraft:damage_absorbed":6771,"minecraft:damage_dealt":46681,"minecraft:swim_one_cm":13052,"minecraft:fly_one_cm":2061372,"minecraft:player_kills":25,"minecraft:open_chest":15,"minecraft:crouch_one_cm":36930,"minecraft:fall_one_cm":78597},"minecraft:used":{"minecraft:oak_fence":148,"minecraft:writable_book":27,"minecraft:stone_sword":38,"espada_celestial:espada_celestial":390,"minecraft:polished_deepslate":1,"minecraft:flint_and_steel":9,"minecraft:carved_pumpkin":8,"minecraft:oak_sign":5,"minecraft:poppy":1,"minecraft:chest":5,"minecraft:shield":18,"minecraft:ender_chest":4,"minecraft:stone":237,"minecraft:zombie_spawn_egg":4,"minecraft:creeper_head":1,"minecraft:warped_sign":2,"minecraft:player_head":13,"minecraft:rotten_flesh":1,"minecraft:netherrack":6,"minecraft:spruce_leaves":37,"minecraft:exposed_cut_copper_stairs":8,"minecraft:torch":1,"minecraft:dirt":3,"minecraft:soul_sand":1,"minecraft:spyglass":6,"minecraft:anvil":1,"minecraft:hopper":3,"nethertitan:arambulo_verde_spawn_egg":6,"minecraft:cracked_deepslate_tiles":2,"minecraft:shulker_box":1,"minecraft:obsidian":30,"minecraft:shroomlight":1,"minecraft:villager_spawn_egg":2,"minecraft:iron_block":20,"minecraft:lantern":5,"minecraft:grass_block":1168,"minecraft:oak_stairs":2,"minecraft:dark_oak_leaves":66,"minecraft:totem_of_undying":43,"minecraft:magma_block":2,"minecraft:waxed_exposed_cut_copper_slab":2,"minecraft:item_frame":1,"minecraft:dolphin_spawn_egg":5,"minecraft:deepslate_diamond_ore":15,"minecraft:glowstone":7,"minecraft:infested_mossy_stone_bricks":7,"minecraft:bow":37,"d_remake_mod:fogata":3,"minecraft:oxidized_cut_copper_stairs":1,"minecraft:podzol":373,"minecraft:gold_block":31,"minecraft:cooked_beef":3,"minecraft:enchanted_golden_apple":47,"minecraft:cobbled_deepslate":2,"minecraft:dark_oak_sapling":27,"minecraft:water_bucket":171,"reviil:r_eviil_spawn_egg":1,"minecraft:birch_leaves":1,"minecraft:jungle_fence":1,"minecraft:oak_planks":88,"minecraft:ender_pearl":5,"minecraft:redstone_block":139,"minecraft:diamond_axe":12,"minecraft:glow_ink_sac":2,"espada_celestial:espada_ancestral":8,"minecraft:cracked_stone_bricks":20,"nethertitan:arambulo_spawn_egg":1,"minecraft:golden_apple":11,"minecraft:waxed_exposed_copper":102,"minecraft:glow_item_frame":208,"minecraft:oak_slab":200,"nethertitan:arambulo_morado_spawn_egg":10,"minecraft:campfire":19,"minecraft:lingering_potion":34,"minecraft:spruce_log":27,"minecraft:exposed_copper":2,"minecraft:creeper_spawn_egg":139,"minecraft:deepslate_tiles":39,"minecraft:redstone_torch":16,"minecraft:oak_log":23,"minecraft:lever":8,"minecraft:light":35,"minecraft:dark_oak_log":1,"minecraft:command_block":29,"minecraft:bread":8,"minecraft:string":1,"minecraft:barrier":47,"minecraft:netherite_axe":34,"espada_celestial:espada_belica":79,"minecraft:deepslate":105,"minecraft:diamond_ore":2,"minecraft:spruce_sapling":74,"minecraft:diamond_sword":17,"minecraft:fishing_rod":90,"minecraft:bucket":3,"minecraft:chain":10,"minecraft:kelp":248,"minecraft:coarse_dirt":353,"minecraft:splash_potion":167,"minecraft:bone_meal":153},"minecraft:mined":{"minecraft:grass_block":1,"minecraft:spruce_leaves":1,"minecraft:spruce_log":33,"minecraft:grass":1,"minecraft:dirt":4,"minecraft:fern":1},"minecraft:dropped":{"minecraft:iron_ingot":22,"minecraft:bread":402,"minecraft:iron_sword":1,"minecraft:oak_slab":1,"minecraft:porkchop":2,"d_remake_mod:deditas":1,"minecraft:cooked_beef":142,"minecraft:oak_log":46,"minecraft:diamond":1,"minecraft:crafting_table":1,"minecraft:diamond_leggings":1,"minecraft:iron_helmet":1,"minecraft:barrier":2,"minecraft:leather":8,"minecraft:apple":1,"minecraft:command_block":2,"minecraft:coal":21,"minecraft:golden_apple":34,"minecraft:flint":1,"minecraft:emerald":8,"minecraft:spruce_leaves":1,"minecraft:dirt":1,"minecraft:gray_wool":2,"minecraft:waxed_exposed_copper":2,"minecraft:torch":35,"minecraft:diamond_helmet":1,"minecraft:iron_axe":1,"minecraft:iron_leggings":1,"minecraft:writable_book":2,"nethertitan:arambulo_verde_spawn_egg":1,"minecraft:iron_pickaxe":3,"espada_celestial:espada_celestial":3,"minecraft:string":18,"minecraft:white_wool":3,"nethertitan:arambulo_pata":5,"minecraft:spruce_sapling":1,"minecraft:redstone_block":2,"minecraft:bone":2,"minecraft:compass":1,"minecraft:sugar_cane":6,"minecraft:ender_chest":1,"minecraft:stone_sword":2,"minecraft:deepslate":2,"minecraft:iron_boots":1,"minecraft:rotten_flesh":5,"minecraft:oak_planks":2,"minecraft:enchanted_golden_apple":8,"minecraft:totem_of_undying":9,"minecraft:shulker_box":6,"nethertitan:arambulo_pata_3":1,"minecraft:diamond_sword":2,"minecraft:poppy":1,"minecraft:stone":132,"minecraft:shield":2,"minecraft:gunpowder":14,"minecraft:diamond_chestplate":2,"minecraft:iron_chestplate":1,"nethertitan:arambulo_pata_2":2,"minecraft:oak_sapling":13,"minecraft:spider_eye":3,"minecraft:diamond_boots":1,"minecraft:spruce_log":49,"minecraft:bow":1,"minecraft:arrow":330,"minecraft:podzol":65,"minecraft:beef":10,"minecraft:stone_pickaxe":2,"minecraft:raw_gold":7},"minecraft:picked_up":{"nethertitan:arambulo_pata_2":12,"minecraft:redstone_block":2,"minecraft:creeper_head":11,"minecraft:diamond_sword":1,"minecraft:wooden_pickaxe":1,"minecraft:wither_rose":1,"nethertitan:arambulo_pata_3":23,"minecraft:string":13,"minecraft:diamond_leggings":1,"minecraft:gold_nugget":1,"minecraft:cobbled_deepslate":107,"minecraft:beef":10,"minecraft:redstone_torch":2,"minecraft:poppy":9,"minecraft:iron_pickaxe":2,"minecraft:enchanted_golden_apple":1,"minecraft:sugar_cane":48,"minecraft:birch_sapling":5,"minecraft:stick":6,"minecraft:stone":20,"minecraft:oak_fence":4,"minecraft:torch":5,"minecraft:porkchop":2,"minecraft:carrot":1,"nethertitan:se_busca_eon":1,"minecraft:redstone":1,"minecraft:stone_sword":1,"minecraft:rotten_flesh":18,"nethertitan:arambulo_pata":5,"minecraft:arrow":2,"minecraft:command_block":2,"minecraft:diamond_chestplate":2,"minecraft:totem_of_undying":66,"minecraft:blaze_rod":1,"minecraft:obsidian":1,"minecraft:mutton":8,"minecraft:cod":1,"minecraft:skeleton_skull":1,"minecraft:white_wool":3,"minecraft:barrier":2,"minecraft:cooked_beef":2,"minecraft:leather":9,"minecraft:flint":1,"minecraft:tuff":11,"minecraft:oak_log":43,"minecraft:gunpowder":21,"espada_celestial:espada_celestial":3,"minecraft:dirt":2,"minecraft:twisting_vines":4,"minecraft:podzol":1,"minecraft:bone":4,"minecraft:apple":1,"minecraft:kelp":242,"minecraft:bow":2,"minecraft:wheat_seeds":1,"minecraft:raw_gold":8,"minecraft:iron_ingot":43,"minecraft:stone_pickaxe":2,"minecraft:oak_planks":7,"minecraft:waxed_exposed_copper":1,"minecraft:spyglass":1,"minecraft:spruce_sapling":7,"d_remake_mod:deditas":1,"minecraft:ink_sac":2,"minecraft:grass_block":1,"minecraft:spruce_log":83,"minecraft:shulker_box":3,"minecraft:dark_oak_log":1,"minecraft:spider_eye":4,"minecraft:diamond":1,"minecraft:lever":1,"minecraft:writable_book":2,"minecraft:gray_wool":2,"minecraft:bread":57,"minecraft:oak_sapling":13,"minecraft:ender_pearl":1},"minecraft:killed":{"minecraft:cave_spider":1,"minecraft:zombified_piglin":3,"minecraft:spider":1,"minecraft:vindicator":2,"minecraft:dolphin":1,"minecraft:wither":1,"minecraft:skeleton":4,"nethertitan:arambulo":1,"minecraft:snow_golem":1,"minecraft:cat":2,"minecraft:iron_golem":11,"minecraft:bat":1,"minecraft:creeper":5,"minecraft:squid":1,"minecraft:goat":1,"nethertitan:arambulo_verde":7,"minecraft:zombie":11,"minecraft:villager":9,"minecraft:enderman":1,"minecraft:blaze":2,"minecraft:cow":3}},"DataVersion":2975}