{"stats":{"minecraft:used":{"minecraft:grass_block":20},"minecraft:picked_up":{"minecraft:stick":3,"minecraft:birch_sapling":5,"minecraft:wheat_seeds":1},"minecraft:custom":{"minecraft:jump":9,"minecraft:time_since_rest":2549,"minecraft:crouch_one_cm":10,"minecraft:sprint_one_cm":4084,"minecraft:leave_game":1,"minecraft:play_time":8838,"minecraft:deaths":2,"minecraft:time_since_death":2543,"minecraft:walk_one_cm":3479,"minecraft:sneak_time":277,"minecraft:total_world_time":8838,"minecraft:fly_one_cm":48568}},"DataVersion":2975}