{"stats":{"minecraft:used":{"minecraft:shroomlight":1,"minecraft:oak_log":23,"minecraft:item_frame":1,"minecraft:oak_fence":59,"minecraft:glow_item_frame":1,"minecraft:light":15,"minecraft:dirt":2,"minecraft:polished_deepslate":1,"minecraft:dark_oak_log":1,"minecraft:oak_slab":153,"minecraft:birch_leaves":1,"minecraft:grass_block":1102,"minecraft:podzol":4,"d_remake_mod:fogata":3,"minecraft:oak_planks":14,"minecraft:campfire":19,"minecraft:dark_oak_leaves":66,"minecraft:coarse_dirt":294,"minecraft:spruce_log":21,"minecraft:bone_meal":153,"minecraft:spruce_sapling":68,"minecraft:dark_oak_sapling":27},"minecraft:dropped":{"minecraft:oak_sapling":2},"minecraft:picked_up":{"minecraft:stick":3,"minecraft:wheat_seeds":1,"minecraft:oak_sapling":2,"minecraft:birch_sapling":5},"minecraft:custom":{"minecraft:time_since_rest":50549,"minecraft:crouch_one_cm":1709,"minecraft:play_time":56838,"minecraft:sprint_one_cm":42727,"minecraft:walk_one_cm":64644,"minecraft:deaths":2,"minecraft:sneak_time":1894,"minecraft:drop":2,"minecraft:jump":124,"minecraft:leave_game":1,"minecraft:time_since_death":50543,"minecraft:total_world_time":56838,"minecraft:fly_one_cm":188462}},"DataVersion":2975}