{"stats":{"minecraft:picked_up":{"nethertitan:arambulo_pata_2":2,"minecraft:creeper_head":5,"minecraft:wooden_pickaxe":1,"minecraft:tuff":11,"nethertitan:arambulo_pata_3":23,"minecraft:oak_log":38,"minecraft:gunpowder":7,"minecraft:string":9,"minecraft:dirt":1,"minecraft:podzol":1,"minecraft:bone":2,"minecraft:bow":1,"minecraft:wheat_seeds":1,"minecraft:cobbled_deepslate":107,"minecraft:raw_gold":8,"minecraft:iron_ingot":3,"minecraft:stone_pickaxe":1,"minecraft:redstone_torch":2,"minecraft:sugar_cane":45,"minecraft:birch_sapling":5,"minecraft:oak_planks":7,"minecraft:waxed_exposed_copper":1,"minecraft:stick":6,"minecraft:oak_fence":4,"minecraft:torch":2,"minecraft:spyglass":1,"minecraft:porkchop":2,"d_remake_mod:deditas":1,"minecraft:ink_sac":2,"minecraft:grass_block":1,"minecraft:spruce_log":11,"minecraft:redstone":1,"minecraft:dark_oak_log":1,"minecraft:spider_eye":4,"minecraft:shulker_box":1,"nethertitan:arambulo_pata":2,"minecraft:arrow":1,"minecraft:rotten_flesh":12,"minecraft:diamond":1,"minecraft:gray_wool":2,"minecraft:bread":57,"minecraft:totem_of_undying":64,"minecraft:oak_sapling":12,"minecraft:blaze_rod":1,"minecraft:obsidian":1,"minecraft:mutton":8,"minecraft:cod":1,"minecraft:skeleton_skull":1,"minecraft:white_wool":3,"minecraft:ender_pearl":1},"minecraft:killed":{"minecraft:cave_spider":1,"minecraft:zombified_piglin":1,"minecraft:spider":1,"minecraft:dolphin":1,"minecraft:creeper":3,"minecraft:squid":1,"minecraft:skeleton":1,"minecraft:goat":1,"nethertitan:arambulo_verde":1,"minecraft:zombie":5,"minecraft:snow_golem":1,"minecraft:enderman":1,"minecraft:blaze":2},"minecraft:used":{"minecraft:oak_fence":148,"minecraft:water_bucket":4,"minecraft:writable_book":17,"espada_celestial:espada_celestial":58,"minecraft:polished_deepslate":1,"minecraft:flint_and_steel":8,"minecraft:birch_leaves":1,"minecraft:oak_planks":88,"minecraft:oak_sign":1,"minecraft:chest":2,"minecraft:redstone_block":31,"minecraft:zombie_spawn_egg":4,"minecraft:creeper_head":1,"minecraft:waxed_exposed_copper":100,"minecraft:spruce_leaves":37,"minecraft:glow_item_frame":1,"minecraft:player_head":12,"espada_celestial:espada_ancestral":4,"minecraft:exposed_cut_copper_stairs":4,"minecraft:rotten_flesh":1,"minecraft:netherrack":6,"minecraft:cracked_stone_bricks":17,"minecraft:torch":1,"minecraft:dirt":3,"minecraft:spyglass":6,"minecraft:oak_slab":190,"nethertitan:arambulo_verde_spawn_egg":6,"nethertitan:arambulo_morado_spawn_egg":9,"minecraft:cracked_deepslate_tiles":2,"minecraft:shulker_box":1,"minecraft:campfire":19,"minecraft:lingering_potion":34,"minecraft:exposed_copper":2,"minecraft:spruce_log":27,"minecraft:obsidian":30,"minecraft:creeper_spawn_egg":90,"minecraft:shroomlight":1,"minecraft:deepslate_tiles":39,"minecraft:redstone_torch":12,"minecraft:oak_log":23,"minecraft:lever":2,"minecraft:light":33,"minecraft:dark_oak_log":1,"minecraft:command_block":13,"minecraft:lantern":5,"minecraft:barrier":47,"minecraft:oak_stairs":2,"minecraft:grass_block":1164,"minecraft:bread":8,"espada_celestial:espada_belica":7,"minecraft:dark_oak_leaves":66,"minecraft:deepslate":36,"minecraft:totem_of_undying":39,"minecraft:spruce_sapling":68,"minecraft:item_frame":1,"minecraft:waxed_exposed_cut_copper_slab":2,"minecraft:glowstone":7,"minecraft:infested_mossy_stone_bricks":7,"minecraft:dolphin_spawn_egg":5,"minecraft:oxidized_cut_copper_stairs":1,"d_remake_mod:fogata":3,"minecraft:podzol":339,"minecraft:coarse_dirt":353,"minecraft:bucket":3,"minecraft:chain":8,"minecraft:gold_block":31,"minecraft:splash_potion":45,"minecraft:cooked_beef":3,"minecraft:bone_meal":153,"minecraft:cobbled_deepslate":2,"minecraft:dark_oak_sapling":27},"minecraft:killed_by":{"minecraft:player":1},"minecraft:custom":{"minecraft:interact_with_furnace":1,"minecraft:mob_kills":23,"minecraft:open_shulker_box":7,"minecraft:leave_game":11,"minecraft:time_since_death":25854,"minecraft:time_since_rest":25913,"minecraft:sprint_one_cm":453414,"minecraft:damage_absorbed":2155,"minecraft:damage_taken":14099,"minecraft:walk_one_cm":394207,"minecraft:drop":75,"minecraft:damage_dealt":7054,"minecraft:swim_one_cm":7889,"minecraft:fly_one_cm":1187166,"minecraft:player_kills":7,"minecraft:crouch_one_cm":29039,"minecraft:play_time":435718,"minecraft:deaths":15,"minecraft:sneak_time":11931,"minecraft:walk_under_water_one_cm":4605,"minecraft:jump":2609,"minecraft:walk_on_water_one_cm":9824,"minecraft:total_world_time":435718,"minecraft:fall_one_cm":43589},"minecraft:mined":{"minecraft:grass_block":1,"minecraft:grass":1,"minecraft:dirt":4},"minecraft:dropped":{"minecraft:iron_ingot":13,"minecraft:bread":402,"minecraft:compass":1,"minecraft:porkchop":2,"d_remake_mod:deditas":1,"minecraft:cooked_beef":89,"minecraft:oak_log":38,"minecraft:diamond":1,"minecraft:rotten_flesh":1,"minecraft:oak_planks":2,"minecraft:shulker_box":3,"minecraft:golden_apple":23,"minecraft:spruce_leaves":1,"nethertitan:arambulo_pata_3":1,"minecraft:gray_wool":2,"minecraft:waxed_exposed_copper":2,"minecraft:torch":27,"minecraft:oak_sapling":12,"minecraft:spider_eye":3,"minecraft:spruce_log":11,"nethertitan:arambulo_verde_spawn_egg":1,"minecraft:arrow":1,"minecraft:podzol":65,"minecraft:stone_pickaxe":1,"minecraft:raw_gold":7,"minecraft:string":9,"minecraft:white_wool":3}},"DataVersion":2975}