{"stats":{"minecraft:picked_up":{"minecraft:stick":1,"minecraft:crafting_table":4,"minecraft:cooked_beef":1,"minecraft:clay_ball":4,"minecraft:torch":152,"minecraft:oak_log":43,"minecraft:golden_chestplate":1,"minecraft:dirt":3,"minecraft:rotten_flesh":2,"minecraft:cobbled_deepslate":80,"minecraft:iron_ingot":50,"minecraft:oak_sapling":2,"minecraft:oak_planks":7},"minecraft:used":{"minecraft:oak_log":13,"minecraft:iron_axe":37,"minecraft:iron_pickaxe":28,"minecraft:oak_planks":4,"minecraft:torch":8,"minecraft:dirt":3,"minecraft:crafting_table":2,"minecraft:cooked_beef":6},"minecraft:crafted":{"minecraft:oak_planks":60,"minecraft:iron_boots":1,"minecraft:iron_chestplate":1,"minecraft:iron_axe":1,"minecraft:stick":12,"minecraft:iron_helmet":1,"minecraft:iron_pickaxe":1,"minecraft:iron_sword":1,"minecraft:iron_leggings":1},"minecraft:custom":{"minecraft:time_since_rest":21525,"minecraft:sprint_one_cm":63769,"minecraft:damage_taken":667,"minecraft:walk_one_cm":20555,"minecraft:drop":5,"minecraft:damage_dealt":216,"minecraft:fly_one_cm":24176,"minecraft:interact_with_crafting_table":3,"minecraft:crouch_one_cm":1092,"minecraft:play_time":30687,"minecraft:deaths":1,"minecraft:sneak_time":509,"minecraft:jump":211,"minecraft:time_since_death":21516,"minecraft:total_world_time":30687,"minecraft:fall_one_cm":2171},"minecraft:mined":{"minecraft:crafting_table":2,"minecraft:grass_block":2,"minecraft:oak_log":43,"minecraft:dirt":1,"minecraft:oak_planks":1,"minecraft:oak_leaves":1,"minecraft:deepslate":27},"minecraft:killed_by":{"minecraft:player":1},"minecraft:dropped":{"minecraft:golden_chestplate":1,"minecraft:cooked_beef":1,"minecraft:rotten_flesh":2,"minecraft:clay_ball":4}},"DataVersion":2975}