{"stats":{"minecraft:broken":{"minecraft:iron_leggings":1,"minecraft:iron_pickaxe":1,"minecraft:iron_helmet":1},"minecraft:dropped":{"minecraft:iron_ingot":16,"d_remake_mod:deditas":9,"minecraft:cooked_beef":1,"minecraft:granite":2,"minecraft:flint":1,"minecraft:dirt":2,"minecraft:torch":1,"minecraft:rose_bush":2,"minecraft:amethyst_shard":4,"minecraft:string":1,"minecraft:cauldron":2,"minecraft:sweet_berries":3,"minecraft:golden_chestplate":1,"minecraft:rotten_flesh":14,"minecraft:clay_ball":4,"minecraft:iron_boots":9,"minecraft:enchanted_golden_apple":1,"minecraft:totem_of_undying":2,"minecraft:oak_sapling":3,"minecraft:lectern":1},"minecraft:crafted":{"minecraft:cobbled_deepslate_slab":6,"minecraft:oak_planks":96,"minecraft:oak_sign":6,"minecraft:bookshelf":2,"minecraft:diamond_helmet":1,"minecraft:bow":1,"minecraft:iron_boots":8,"minecraft:polished_deepslate":244,"minecraft:iron_axe":1,"minecraft:chest":8,"minecraft:diamond_sword":1,"minecraft:emerald":24,"minecraft:enchanting_table":1,"minecraft:spruce_planks":452,"minecraft:iron_helmet":2,"minecraft:iron_sword":1,"minecraft:polished_deepslate_slab":6,"minecraft:air":0,"minecraft:iron_chestplate":1,"minecraft:paper":42,"minecraft:stick":924,"minecraft:iron_pickaxe":3,"minecraft:iron_ingot":11,"minecraft:iron_leggings":2,"minecraft:diamond_chestplate":1},"minecraft:killed_by":{"minecraft:player":1,"minecraft:creeper":1},"minecraft:killed":{"minecraft:evoker":3,"minecraft:vex":3,"minecraft:cave_spider":1,"minecraft:zombified_piglin":1,"minecraft:spider":1,"minecraft:vindicator":4,"minecraft:wither":1,"minecraft:skeleton":5,"nethertitan:arambulo":2,"minecraft:pig":1,"minecraft:iron_golem":4,"minecraft:creeper":2,"minecraft:sheep":1,"nethertitan:arambulo_verde":6,"minecraft:zombie":15,"minecraft:villager":2,"nethertitan:arambulo_morado":2,"minecraft:blaze":10},"minecraft:used":{"minecraft:enchanting_table":1,"minecraft:polished_deepslate":137,"minecraft:oak_sign":4,"minecraft:chest":8,"minecraft:iron_sword":8,"minecraft:iron_chestplate":1,"minecraft:torch":88,"minecraft:dirt":50,"minecraft:tuff":8,"minecraft:granite":1,"minecraft:bookshelf":2,"minecraft:villager_spawn_egg":1,"minecraft:iron_axe":210,"minecraft:iron_helmet":1,"minecraft:iron_boots":1,"minecraft:totem_of_undying":4,"minecraft:bow":24,"minecraft:skeleton_skull":1,"minecraft:egg":1,"minecraft:cooked_beef":95,"minecraft:cobbled_deepslate":152,"minecraft:iron_leggings":2,"minecraft:calcite":2,"minecraft:oak_planks":5,"minecraft:golden_apple":7,"minecraft:polished_deepslate_slab":10,"minecraft:crafting_table":4,"minecraft:blast_furnace":3,"minecraft:cobbled_deepslate_stairs":4,"minecraft:oak_log":22,"minecraft:dark_oak_log":3,"minecraft:iron_pickaxe":651,"minecraft:lectern":4,"minecraft:spruce_sapling":16,"minecraft:diamond_sword":274,"minecraft:cobblestone":7,"minecraft:cobbled_deepslate_slab":1,"minecraft:porkchop":2},"minecraft:custom":{"minecraft:mob_kills":66,"minecraft:interact_with_crafting_table":21,"minecraft:leave_game":4,"minecraft:time_since_death":139763,"minecraft:sprint_one_cm":1001475,"minecraft:walk_one_cm":336300,"minecraft:drop":47,"minecraft:damage_dealt_absorbed":201,"minecraft:talked_to_villager":35,"minecraft:play_time":281961,"minecraft:deaths":2,"minecraft:sneak_time":26440,"minecraft:walk_under_water_one_cm":59349,"minecraft:jump":4624,"minecraft:interact_with_blast_furnace":4,"minecraft:walk_on_water_one_cm":13641,"minecraft:enchant_item":3,"minecraft:total_world_time":281961,"minecraft:traded_with_villager":31,"minecraft:sleep_in_bed":4,"minecraft:time_since_rest":72520,"minecraft:open_enderchest":1,"minecraft:damage_taken":8479,"minecraft:damage_absorbed":409,"minecraft:damage_dealt":18392,"minecraft:swim_one_cm":92425,"minecraft:fly_one_cm":889173,"minecraft:player_kills":1,"minecraft:open_chest":76,"minecraft:crouch_one_cm":61931,"minecraft:fall_one_cm":81236},"minecraft:picked_up":{"minecraft:crafting_table":4,"nethertitan:arambulo_pata_2":20,"minecraft:clay_ball":4,"minecraft:wither_rose":1,"nethertitan:arambulo_pata_3":5,"minecraft:amethyst_block":5,"minecraft:polished_deepslate":12,"minecraft:string":10,"minecraft:iron_axe":1,"minecraft:zombie_head":1,"minecraft:cobbled_deepslate":539,"minecraft:rose_bush":2,"minecraft:redstone_torch":1,"minecraft:calcite":4,"minecraft:poppy":1,"minecraft:lectern":5,"minecraft:sugar_cane":84,"minecraft:iron_boots":4,"minecraft:egg":1,"minecraft:stick":11,"minecraft:raw_iron":19,"minecraft:polished_deepslate_slab":4,"minecraft:glow_item_frame":162,"minecraft:composter":1,"minecraft:torch":211,"minecraft:porkchop":2,"minecraft:villager_spawn_egg":2,"minecraft:diorite":4,"minecraft:redstone":19,"minecraft:golden_chestplate":1,"minecraft:cauldron":2,"nethertitan:arambulo_pata":6,"minecraft:arrow":7,"minecraft:rotten_flesh":22,"minecraft:totem_of_undying":3,"minecraft:blaze_rod":7,"minecraft:mutton":1,"minecraft:skeleton_skull":1,"minecraft:white_wool":1,"minecraft:cobblestone":70,"minecraft:cooked_beef":1,"minecraft:flint":1,"minecraft:tuff":44,"minecraft:oak_log":46,"minecraft:cobbled_deepslate_stairs":13,"minecraft:gunpowder":4,"minecraft:lapis_lazuli":46,"minecraft:dirt":55,"minecraft:bone":3,"minecraft:cooked_mutton":2,"minecraft:bow":1,"minecraft:raw_gold":16,"minecraft:grindstone":1,"minecraft:iron_ingot":60,"minecraft:fletching_table":3,"minecraft:oak_planks":7,"minecraft:book":21,"minecraft:smooth_basalt":3,"minecraft:sweet_berries":23,"minecraft:gravel":26,"minecraft:amethyst_shard":4,"d_remake_mod:deditas":4,"minecraft:spruce_sapling":26,"minecraft:blast_furnace":4,"minecraft:spruce_log":119,"minecraft:fermented_spider_eye":163,"minecraft:dark_oak_log":11,"minecraft:spider_eye":1,"minecraft:purple_bed":3,"minecraft:granite":15,"minecraft:emerald":1,"minecraft:oak_sapling":5,"minecraft:coal":16,"minecraft:nether_star":1},"minecraft:mined":{"minecraft:tuff":44,"minecraft:cobbled_deepslate_stairs":2,"minecraft:dark_oak_log":11,"minecraft:budding_amethyst":1,"minecraft:grass_block":23,"minecraft:spruce_leaves":19,"minecraft:composter":1,"minecraft:large_fern":1,"minecraft:spruce_sapling":3,"minecraft:iron_ore":11,"minecraft:cobbled_deepslate":12,"minecraft:fletching_table":3,"minecraft:deepslate_lapis_ore":6,"minecraft:polished_deepslate":11,"minecraft:bookshelf":7,"minecraft:skeleton_wall_skull":1,"minecraft:water_cauldron":2,"minecraft:polished_deepslate_slab":3,"minecraft:deepslate_iron_ore":8,"minecraft:stone":8,"minecraft:tripwire":1,"minecraft:deepslate_redstone_ore":4,"minecraft:amethyst_cluster":1,"minecraft:crafting_table":2,"minecraft:torch":5,"minecraft:calcite":4,"minecraft:blast_furnace":4,"minecraft:rose_bush":2,"minecraft:lectern":5,"minecraft:cobblestone":6,"minecraft:deepslate_gold_ore":16,"minecraft:grindstone":1,"minecraft:sugar_cane":42,"minecraft:oak_planks":2,"minecraft:damaged_anvil":1,"minecraft:wall_torch":11,"minecraft:amethyst_block":5,"minecraft:purple_bed":3,"minecraft:redstone_torch":1,"minecraft:sweet_berry_bush":9,"minecraft:spruce_log":113,"minecraft:grass":7,"minecraft:oak_log":43,"minecraft:coal_ore":9,"minecraft:gravel":18,"minecraft:dirt":32,"minecraft:smooth_basalt":3,"minecraft:oak_leaves":9,"minecraft:deepslate":481,"minecraft:fern":2}},"DataVersion":2975}