{"stats":{"minecraft:crafted":{"minecraft:oak_planks":96,"minecraft:diamond_sword":1,"minecraft:oak_sign":6,"minecraft:iron_helmet":1,"minecraft:iron_sword":1,"minecraft:polished_deepslate_slab":6,"minecraft:iron_boots":1,"minecraft:iron_chestplate":1,"minecraft:polished_deepslate":244,"minecraft:iron_axe":1,"minecraft:stick":12,"minecraft:iron_pickaxe":2,"minecraft:chest":8,"minecraft:iron_leggings":1},"minecraft:picked_up":{"minecraft:crafting_table":4,"nethertitan:arambulo_pata_2":3,"minecraft:cooked_beef":1,"minecraft:clay_ball":4,"minecraft:tuff":21,"minecraft:oak_log":46,"minecraft:cobbled_deepslate_stairs":13,"minecraft:polished_deepslate":12,"minecraft:dirt":30,"minecraft:iron_axe":1,"minecraft:cobbled_deepslate":320,"minecraft:raw_gold":5,"minecraft:iron_ingot":50,"minecraft:rose_bush":1,"minecraft:oak_planks":7,"minecraft:stick":1,"minecraft:raw_iron":8,"minecraft:polished_deepslate_slab":4,"minecraft:torch":157,"minecraft:amethyst_shard":4,"minecraft:diorite":4,"minecraft:golden_chestplate":1,"minecraft:rotten_flesh":8,"minecraft:granite":15,"minecraft:oak_sapling":5,"minecraft:skeleton_skull":1,"minecraft:cobblestone":58},"minecraft:killed":{"nethertitan:arambulo_verde":1,"minecraft:zombie":6},"minecraft:broken":{"minecraft:iron_pickaxe":1},"minecraft:used":{"minecraft:polished_deepslate":137,"minecraft:oak_planks":5,"minecraft:oak_sign":4,"minecraft:chest":8,"minecraft:iron_sword":8,"minecraft:iron_chestplate":1,"minecraft:torch":37,"minecraft:golden_apple":2,"minecraft:polished_deepslate_slab":10,"minecraft:dirt":30,"minecraft:crafting_table":4,"minecraft:granite":1,"minecraft:cobbled_deepslate_stairs":4,"minecraft:oak_log":22,"minecraft:iron_axe":41,"minecraft:iron_pickaxe":320,"minecraft:iron_helmet":1,"minecraft:iron_boots":1,"minecraft:diamond_sword":29,"minecraft:skeleton_skull":1,"minecraft:cooked_beef":23,"minecraft:cobbled_deepslate":29,"minecraft:iron_leggings":1},"minecraft:killed_by":{"minecraft:player":1},"minecraft:custom":{"minecraft:mob_kills":7,"minecraft:interact_with_crafting_table":9,"minecraft:leave_game":1,"minecraft:time_since_death":86862,"minecraft:time_since_rest":86871,"minecraft:sprint_one_cm":286785,"minecraft:damage_absorbed":51,"minecraft:damage_taken":1726,"minecraft:walk_one_cm":109748,"minecraft:drop":13,"minecraft:damage_dealt":2110,"minecraft:swim_one_cm":7167,"minecraft:fly_one_cm":176984,"minecraft:player_kills":1,"minecraft:open_chest":26,"minecraft:crouch_one_cm":24374,"minecraft:play_time":96033,"minecraft:deaths":1,"minecraft:sneak_time":8530,"minecraft:walk_under_water_one_cm":7180,"minecraft:jump":1200,"minecraft:walk_on_water_one_cm":838,"minecraft:total_world_time":96033,"minecraft:fall_one_cm":16703},"minecraft:mined":{"minecraft:tuff":21,"minecraft:cobbled_deepslate_stairs":2,"minecraft:amethyst_cluster":1,"minecraft:crafting_table":2,"minecraft:grass_block":10,"minecraft:rose_bush":1,"minecraft:deepslate_gold_ore":5,"minecraft:oak_planks":2,"minecraft:wall_torch":2,"minecraft:cobbled_deepslate":1,"minecraft:polished_deepslate":11,"minecraft:grass":3,"minecraft:skeleton_wall_skull":1,"minecraft:oak_log":43,"minecraft:polished_deepslate_slab":3,"minecraft:deepslate_iron_ore":8,"minecraft:dirt":19,"minecraft:oak_leaves":5,"minecraft:deepslate":265},"minecraft:dropped":{"minecraft:iron_ingot":1,"minecraft:cooked_beef":1,"minecraft:golden_chestplate":1,"minecraft:rotten_flesh":8,"minecraft:clay_ball":4,"minecraft:granite":2,"minecraft:rose_bush":1,"minecraft:oak_sapling":3,"minecraft:amethyst_shard":4}},"DataVersion":2975}