{"stats":{"minecraft:killed_by":{"minecraft:player":1,"minecraft:creeper":1},"minecraft:picked_up":{"minecraft:crafting_table":4,"nethertitan:arambulo_pata_2":69,"minecraft:clay_ball":4,"minecraft:wither_rose":1,"nethertitan:arambulo_pata_3":289,"minecraft:amethyst_block":5,"minecraft:polished_deepslate":21,"minecraft:string":10,"minecraft:iron_axe":1,"minecraft:zombie_head":1,"minecraft:diamond_leggings":1,"minecraft:cobbled_deepslate":1708,"minecraft:spruce_planks":1,"minecraft:beef":2,"minecraft:rose_bush":2,"minecraft:redstone_torch":1,"minecraft:calcite":6,"minecraft:poppy":1,"minecraft:lectern":5,"minecraft:sugar_cane":86,"minecraft:egg":1,"d_remake_mod:alma":1,"minecraft:iron_boots":4,"minecraft:raw_iron":22,"minecraft:stick":17,"minecraft:polished_deepslate_slab":4,"minecraft:glow_item_frame":175,"minecraft:composter":1,"minecraft:torch":234,"minecraft:porkchop":2,"minecraft:villager_spawn_egg":3,"minecraft:diorite":4,"minecraft:redstone":24,"nethertitan:se_busca_eon":9,"minecraft:golden_chestplate":1,"minecraft:cauldron":2,"nethertitan:arambulo_pata":6,"minecraft:arrow":24,"minecraft:rotten_flesh":27,"minecraft:cow_spawn_egg":1,"minecraft:shears":2,"minecraft:diamond_boots":1,"minecraft:bookshelf":19,"minecraft:saddle":21,"minecraft:totem_of_undying":13,"minecraft:blaze_rod":22,"minecraft:mutton":1,"minecraft:skeleton_skull":1,"minecraft:white_wool":1,"minecraft:cobblestone":74,"minecraft:enchanting_table":1,"minecraft:cooked_beef":2,"minecraft:potato":1,"minecraft:flint":3,"minecraft:tuff":315,"minecraft:oak_log":98,"minecraft:cobbled_deepslate_stairs":13,"minecraft:gunpowder":4,"minecraft:lapis_lazuli":46,"minecraft:dirt":128,"minecraft:zombie_villager_spawn_egg":1,"minecraft:cooked_mutton":2,"minecraft:bone":31,"minecraft:apple":2,"minecraft:bow":5,"minecraft:raw_gold":35,"minecraft:cobbled_deepslate_slab":24,"minecraft:grindstone":1,"minecraft:iron_ingot":61,"minecraft:fletching_table":3,"minecraft:diamond_helmet":1,"minecraft:oak_planks":7,"minecraft:book":21,"minecraft:smooth_basalt":3,"minecraft:sweet_berries":23,"minecraft:quartz":6,"minecraft:gravel":69,"minecraft:sand":31,"minecraft:amethyst_shard":4,"minecraft:spruce_sapling":35,"d_remake_mod:cuerno_de_ravager":3,"d_remake_mod:deditas":4,"minecraft:blast_furnace":4,"minecraft:spruce_log":119,"minecraft:grass_block":1,"minecraft:fermented_spider_eye":168,"minecraft:dark_oak_log":11,"minecraft:spider_eye":2,"minecraft:purple_bed":3,"minecraft:diamond":5,"minecraft:diamond_axe":1,"minecraft:iron_helmet":1,"minecraft:granite":15,"minecraft:golden_apple":27,"minecraft:emerald":3,"minecraft:oak_sapling":7,"minecraft:coal":16,"minecraft:oak_leaves":7,"minecraft:nether_star":3,"minecraft:diamond_pickaxe":3,"minecraft:ender_pearl":1},"minecraft:custom":{"minecraft:interact_with_anvil":2,"minecraft:mob_kills":129,"minecraft:interact_with_crafting_table":33,"minecraft:leave_game":8,"minecraft:time_since_death":23664,"minecraft:damage_resisted":381,"minecraft:sprint_one_cm":1760790,"minecraft:walk_one_cm":638543,"minecraft:damage_blocked_by_shield":1260,"minecraft:drop":131,"minecraft:damage_dealt_absorbed":203,"minecraft:talked_to_villager":48,"minecraft:play_time":484746,"minecraft:sneak_time":50065,"minecraft:deaths":5,"minecraft:walk_under_water_one_cm":93031,"minecraft:jump":6630,"minecraft:interact_with_brewingstand":10,"minecraft:interact_with_blast_furnace":4,"minecraft:walk_on_water_one_cm":19528,"minecraft:enchant_item":10,"minecraft:total_world_time":484746,"minecraft:interact_with_furnace":13,"minecraft:traded_with_villager":61,"minecraft:interact_with_grindstone":1,"minecraft:sleep_in_bed":4,"minecraft:time_since_rest":23672,"minecraft:damage_absorbed":1666,"minecraft:open_enderchest":1,"minecraft:damage_taken":16826,"minecraft:damage_dealt":39028,"minecraft:player_kills":1,"minecraft:swim_one_cm":104508,"minecraft:fly_one_cm":1327895,"minecraft:open_chest":204,"minecraft:crouch_one_cm":150420,"minecraft:fall_one_cm":153208},"minecraft:dropped":{"minecraft:iron_ingot":16,"d_remake_mod:deditas":9,"minecraft:cooked_beef":28,"minecraft:diamond_leggings":1,"minecraft:iron_helmet":2,"minecraft:cobblestone":4,"minecraft:glow_item_frame":1,"minecraft:granite":2,"minecraft:saddle":20,"minecraft:flint":1,"minecraft:stick":4,"minecraft:emerald":2,"minecraft:dirt":7,"minecraft:torch":1,"minecraft:rose_bush":2,"minecraft:diamond_helmet":1,"d_remake_mod:alma":1,"minecraft:amethyst_shard":4,"minecraft:iron_axe":2,"minecraft:fermented_spider_eye":1,"minecraft:string":1,"d_remake_mod:cuerno_de_ravager":3,"minecraft:redstone":5,"minecraft:cauldron":2,"minecraft:bone":14,"minecraft:sweet_berries":3,"minecraft:sugar_cane":2,"minecraft:golden_chestplate":1,"minecraft:blaze_rod":2,"minecraft:cobbled_deepslate":96,"minecraft:tuff":10,"minecraft:raw_iron":2,"minecraft:rotten_flesh":17,"minecraft:clay_ball":4,"minecraft:iron_boots":10,"minecraft:enchanted_golden_apple":1,"minecraft:totem_of_undying":6,"minecraft:shears":1,"nethertitan:se_busca_eon":1,"nethertitan:arambulo_pata_3":208,"minecraft:potato":1,"minecraft:spruce_planks":1,"minecraft:diamond_pickaxe":1,"minecraft:iron_chestplate":1,"nethertitan:arambulo_pata_2":27,"minecraft:oak_sapling":5,"minecraft:cow_spawn_egg":1,"minecraft:arrow":2,"minecraft:bow":3,"minecraft:beef":2,"minecraft:calcite":2,"minecraft:oak_leaves":7,"minecraft:lectern":1},"minecraft:mined":{"minecraft:tuff":322,"minecraft:spruce_planks":1,"minecraft:deepslate_diamond_ore":5,"minecraft:cobbled_deepslate_stairs":2,"minecraft:dark_oak_log":11,"minecraft:cobbled_deepslate_slab":24,"minecraft:budding_amethyst":1,"minecraft:grass_block":56,"minecraft:spruce_leaves":19,"minecraft:composter":1,"minecraft:large_fern":1,"minecraft:spruce_sapling":9,"minecraft:iron_ore":11,"minecraft:cobbled_deepslate":99,"minecraft:deepslate_lapis_ore":6,"minecraft:fletching_table":3,"minecraft:enchanting_table":1,"minecraft:polished_deepslate":21,"minecraft:bookshelf":26,"minecraft:skeleton_wall_skull":1,"minecraft:deepslate_iron_ore":10,"minecraft:polished_deepslate_slab":3,"minecraft:water_cauldron":2,"minecraft:stone":10,"minecraft:tripwire":1,"minecraft:deepslate_redstone_ore":4,"minecraft:amethyst_cluster":1,"minecraft:crafting_table":2,"minecraft:torch":11,"minecraft:blast_furnace":4,"minecraft:calcite":4,"minecraft:rose_bush":2,"minecraft:lectern":5,"minecraft:cobblestone":6,"minecraft:damaged_anvil":1,"minecraft:oak_planks":2,"minecraft:sugar_cane":42,"minecraft:deepslate_gold_ore":36,"minecraft:grindstone":1,"minecraft:wall_torch":24,"minecraft:amethyst_block":5,"minecraft:purple_bed":3,"minecraft:spruce_log":113,"minecraft:redstone_torch":1,"minecraft:sweet_berry_bush":9,"minecraft:birch_leaves":1,"minecraft:grass":7,"minecraft:coal_ore":9,"minecraft:oak_log":95,"minecraft:gravel":36,"minecraft:sand":31,"minecraft:dirt":70,"minecraft:smooth_basalt":3,"minecraft:deepslate":1550,"minecraft:oak_leaves":16,"minecraft:fern":2},"minecraft:used":{"minecraft:enchanting_table":2,"minecraft:polished_deepslate":141,"minecraft:zombie_villager_spawn_egg":1,"minecraft:oak_sign":4,"minecraft:chest":8,"minecraft:shield":21,"minecraft:iron_sword":8,"minecraft:iron_chestplate":1,"minecraft:torch":125,"minecraft:brewing_stand":1,"minecraft:dirt":98,"minecraft:tuff":47,"minecraft:granite":1,"minecraft:bookshelf":21,"minecraft:villager_spawn_egg":3,"minecraft:iron_axe":210,"minecraft:grass_block":1,"minecraft:iron_helmet":1,"minecraft:iron_boots":1,"minecraft:totem_of_undying":7,"minecraft:bow":54,"minecraft:furnace":2,"minecraft:skeleton_skull":1,"minecraft:egg":1,"minecraft:cooked_beef":162,"minecraft:enchanted_golden_apple":3,"minecraft:cobbled_deepslate":401,"minecraft:iron_leggings":2,"minecraft:calcite":2,"minecraft:diamond_boots":1,"minecraft:glass_bottle":6,"minecraft:oak_planks":5,"minecraft:diamond_axe":80,"minecraft:fletching_table":2,"minecraft:golden_apple":34,"minecraft:glow_item_frame":2,"minecraft:polished_deepslate_slab":10,"minecraft:crafting_table":4,"minecraft:blast_furnace":3,"minecraft:cobbled_deepslate_stairs":4,"minecraft:oak_log":22,"minecraft:diamond_pickaxe":657,"minecraft:dark_oak_log":3,"minecraft:iron_pickaxe":1499,"minecraft:lectern":4,"minecraft:spruce_sapling":29,"minecraft:diamond_sword":571,"minecraft:purple_bed":2,"minecraft:cobbled_deepslate_slab":37,"minecraft:cobblestone":7,"minecraft:porkchop":2,"minecraft:splash_potion":1,"minecraft:bone_meal":38},"minecraft:crafted":{"minecraft:cobbled_deepslate_slab":132,"minecraft:oak_planks":304,"minecraft:oak_sign":6,"minecraft:blaze_powder":38,"minecraft:furnace":2,"minecraft:bone_meal":9,"minecraft:bookshelf":2,"minecraft:glass":31,"minecraft:diamond_helmet":1,"minecraft:bow":4,"minecraft:iron_boots":8,"minecraft:polished_deepslate":244,"minecraft:iron_axe":1,"minecraft:chest":8,"minecraft:diamond_boots":1,"minecraft:glass_bottle":6,"minecraft:diamond_sword":1,"minecraft:emerald":51,"minecraft:spruce_planks":452,"minecraft:enchanting_table":1,"minecraft:iron_helmet":3,"minecraft:iron_sword":1,"minecraft:brewing_stand":1,"minecraft:polished_deepslate_slab":6,"minecraft:air":0,"minecraft:iron_chestplate":1,"minecraft:paper":42,"minecraft:golden_apple":1,"minecraft:shield":1,"minecraft:stick":1340,"minecraft:iron_ingot":11,"minecraft:iron_pickaxe":7,"minecraft:iron_leggings":3,"minecraft:gold_ingot":8,"minecraft:torch":28,"minecraft:diamond_chestplate":1},"minecraft:broken":{"minecraft:diamond_chestplate":1,"minecraft:iron_boots":1,"minecraft:iron_leggings":2,"minecraft:iron_pickaxe":4,"minecraft:iron_helmet":1},"minecraft:killed":{"minecraft:evoker":6,"minecraft:vex":4,"minecraft:cave_spider":1,"minecraft:zombified_piglin":1,"minecraft:vindicator":6,"minecraft:spider":2,"minecraft:wither":2,"minecraft:skeleton":15,"nethertitan:arambulo":2,"minecraft:pig":1,"minecraft:iron_golem":4,"minecraft:ravager":6,"minecraft:creeper":2,"minecraft:sheep":1,"nethertitan:arambulo_verde":10,"minecraft:zombie":19,"minecraft:villager":3,"minecraft:blaze":29,"nethertitan:arambulo_morado":18}},"DataVersion":2975}