{"stats":{"minecraft:crafted":{"minecraft:oak_planks":96,"minecraft:oak_sign":6,"minecraft:bookshelf":2,"minecraft:bow":1,"minecraft:iron_boots":2,"minecraft:polished_deepslate":244,"minecraft:iron_axe":1,"minecraft:chest":8,"minecraft:diamond_sword":1,"minecraft:enchanting_table":1,"minecraft:iron_helmet":2,"minecraft:iron_sword":1,"minecraft:polished_deepslate_slab":6,"minecraft:air":0,"minecraft:iron_chestplate":1,"minecraft:stick":12,"minecraft:iron_ingot":11,"minecraft:iron_pickaxe":2,"minecraft:iron_leggings":2,"minecraft:diamond_chestplate":1},"minecraft:picked_up":{"minecraft:crafting_table":4,"nethertitan:arambulo_pata_2":15,"minecraft:clay_ball":4,"minecraft:wither_rose":1,"nethertitan:arambulo_pata_3":5,"minecraft:polished_deepslate":12,"minecraft:string":6,"minecraft:iron_axe":1,"minecraft:zombie_head":1,"minecraft:cobbled_deepslate":338,"minecraft:rose_bush":1,"minecraft:redstone_torch":1,"minecraft:lectern":1,"minecraft:sugar_cane":42,"minecraft:egg":1,"minecraft:raw_iron":19,"minecraft:stick":2,"minecraft:polished_deepslate_slab":4,"minecraft:torch":194,"minecraft:diorite":4,"minecraft:golden_chestplate":1,"minecraft:rotten_flesh":18,"minecraft:totem_of_undying":2,"minecraft:blaze_rod":7,"minecraft:mutton":1,"minecraft:skeleton_skull":1,"minecraft:white_wool":1,"minecraft:cobblestone":60,"minecraft:cooked_beef":1,"minecraft:tuff":28,"minecraft:oak_log":46,"minecraft:cobbled_deepslate_stairs":13,"minecraft:gunpowder":2,"minecraft:dirt":39,"minecraft:cooked_mutton":2,"minecraft:raw_gold":5,"minecraft:iron_ingot":50,"minecraft:grindstone":1,"minecraft:oak_planks":7,"minecraft:book":21,"minecraft:sweet_berries":20,"minecraft:amethyst_shard":4,"minecraft:spruce_sapling":4,"minecraft:blast_furnace":2,"minecraft:spruce_log":6,"minecraft:spider_eye":1,"minecraft:purple_bed":2,"minecraft:granite":15,"minecraft:emerald":1,"minecraft:oak_sapling":5,"minecraft:coal":9,"minecraft:nether_star":1},"minecraft:killed":{"minecraft:evoker":3,"minecraft:vex":3,"minecraft:cave_spider":1,"minecraft:zombified_piglin":1,"minecraft:vindicator":4,"minecraft:wither":1,"minecraft:skeleton":1,"minecraft:creeper":1,"minecraft:sheep":1,"nethertitan:arambulo_verde":4,"minecraft:zombie":12,"minecraft:blaze":10,"nethertitan:arambulo_morado":2},"minecraft:broken":{"minecraft:iron_leggings":1,"minecraft:iron_pickaxe":1,"minecraft:iron_helmet":1},"minecraft:used":{"minecraft:enchanting_table":1,"minecraft:polished_deepslate":137,"minecraft:oak_sign":4,"minecraft:chest":8,"minecraft:iron_sword":8,"minecraft:iron_chestplate":1,"minecraft:torch":42,"minecraft:dirt":38,"minecraft:tuff":1,"minecraft:granite":1,"minecraft:bookshelf":2,"minecraft:iron_axe":59,"minecraft:iron_helmet":1,"minecraft:iron_boots":1,"minecraft:totem_of_undying":4,"minecraft:bow":21,"minecraft:skeleton_skull":1,"minecraft:egg":1,"minecraft:cooked_beef":55,"minecraft:cobbled_deepslate":45,"minecraft:iron_leggings":2,"minecraft:oak_planks":5,"minecraft:golden_apple":7,"minecraft:polished_deepslate_slab":10,"minecraft:crafting_table":4,"minecraft:blast_furnace":2,"minecraft:cobbled_deepslate_stairs":4,"minecraft:oak_log":22,"minecraft:iron_pickaxe":373,"minecraft:diamond_sword":178},"minecraft:killed_by":{"minecraft:player":1,"minecraft:creeper":1},"minecraft:custom":{"minecraft:mob_kills":47,"minecraft:interact_with_crafting_table":15,"minecraft:leave_game":1,"minecraft:time_since_death":7835,"minecraft:sprint_one_cm":549020,"minecraft:walk_one_cm":204579,"minecraft:drop":17,"minecraft:damage_dealt_absorbed":45,"minecraft:talked_to_villager":4,"minecraft:play_time":150033,"minecraft:deaths":2,"minecraft:sneak_time":11707,"minecraft:walk_under_water_one_cm":7929,"minecraft:jump":2709,"minecraft:interact_with_blast_furnace":4,"minecraft:walk_on_water_one_cm":3356,"minecraft:enchant_item":3,"minecraft:total_world_time":150033,"minecraft:traded_with_villager":1,"minecraft:time_since_rest":7846,"minecraft:open_enderchest":1,"minecraft:damage_taken":5693,"minecraft:damage_absorbed":409,"minecraft:damage_dealt":11550,"minecraft:player_kills":1,"minecraft:swim_one_cm":22239,"minecraft:fly_one_cm":470045,"minecraft:open_chest":52,"minecraft:crouch_one_cm":35130,"minecraft:fall_one_cm":41134},"minecraft:mined":{"minecraft:tuff":28,"minecraft:cobbled_deepslate_stairs":2,"minecraft:grass_block":14,"minecraft:spruce_leaves":4,"minecraft:large_fern":1,"minecraft:iron_ore":11,"minecraft:cobbled_deepslate":1,"minecraft:polished_deepslate":11,"minecraft:bookshelf":7,"minecraft:skeleton_wall_skull":1,"minecraft:deepslate_iron_ore":8,"minecraft:polished_deepslate_slab":3,"minecraft:stone":4,"minecraft:amethyst_cluster":1,"minecraft:crafting_table":2,"minecraft:blast_furnace":2,"minecraft:rose_bush":1,"minecraft:lectern":1,"minecraft:deepslate_gold_ore":5,"minecraft:grindstone":1,"minecraft:oak_planks":2,"minecraft:sugar_cane":21,"minecraft:wall_torch":2,"minecraft:purple_bed":2,"minecraft:redstone_torch":1,"minecraft:sweet_berry_bush":8,"minecraft:spruce_log":6,"minecraft:grass":4,"minecraft:oak_log":43,"minecraft:coal_ore":9,"minecraft:dirt":24,"minecraft:deepslate":284,"minecraft:oak_leaves":5},"minecraft:dropped":{"minecraft:iron_ingot":1,"minecraft:cooked_beef":1,"minecraft:granite":2,"minecraft:rose_bush":1,"minecraft:amethyst_shard":4,"minecraft:golden_chestplate":1,"minecraft:rotten_flesh":12,"minecraft:clay_ball":4,"minecraft:totem_of_undying":1,"minecraft:oak_sapling":3,"minecraft:lectern":1}},"DataVersion":2975}