{"stats":{"minecraft:crafted":{"minecraft:oak_planks":96,"minecraft:diamond_sword":1,"minecraft:oak_sign":6,"minecraft:enchanting_table":1,"minecraft:iron_helmet":2,"minecraft:iron_sword":1,"minecraft:bookshelf":2,"minecraft:polished_deepslate_slab":6,"minecraft:bow":1,"minecraft:iron_boots":2,"minecraft:iron_chestplate":1,"minecraft:polished_deepslate":244,"minecraft:iron_axe":1,"minecraft:stick":12,"minecraft:iron_pickaxe":2,"minecraft:chest":8,"minecraft:iron_leggings":1,"minecraft:diamond_chestplate":1},"minecraft:picked_up":{"minecraft:crafting_table":4,"nethertitan:arambulo_pata_2":5,"minecraft:cooked_beef":1,"minecraft:clay_ball":4,"minecraft:wither_rose":1,"nethertitan:arambulo_pata_3":5,"minecraft:tuff":21,"minecraft:oak_log":46,"minecraft:cobbled_deepslate_stairs":13,"minecraft:gunpowder":2,"minecraft:string":6,"minecraft:polished_deepslate":12,"minecraft:dirt":34,"minecraft:iron_axe":1,"minecraft:cooked_mutton":2,"minecraft:zombie_head":1,"minecraft:cobbled_deepslate":320,"minecraft:raw_gold":5,"minecraft:grindstone":1,"minecraft:iron_ingot":50,"minecraft:redstone_torch":1,"minecraft:rose_bush":1,"minecraft:lectern":1,"minecraft:sugar_cane":42,"minecraft:oak_planks":7,"minecraft:book":21,"minecraft:stick":2,"minecraft:raw_iron":19,"minecraft:polished_deepslate_slab":4,"minecraft:sweet_berries":20,"minecraft:torch":194,"minecraft:amethyst_shard":4,"minecraft:spruce_sapling":4,"minecraft:blast_furnace":2,"minecraft:diorite":4,"minecraft:spruce_log":6,"minecraft:spider_eye":1,"minecraft:golden_chestplate":1,"minecraft:purple_bed":2,"minecraft:rotten_flesh":17,"minecraft:granite":15,"minecraft:nether_star":1,"minecraft:emerald":1,"minecraft:totem_of_undying":2,"minecraft:blaze_rod":7,"minecraft:oak_sapling":5,"minecraft:coal":9,"minecraft:mutton":1,"minecraft:skeleton_skull":1,"minecraft:white_wool":1,"minecraft:cobblestone":60},"minecraft:killed":{"minecraft:evoker":3,"minecraft:vex":3,"minecraft:cave_spider":1,"minecraft:zombified_piglin":1,"minecraft:vindicator":4,"minecraft:creeper":1,"minecraft:wither":1,"minecraft:skeleton":1,"minecraft:sheep":1,"nethertitan:arambulo_verde":2,"minecraft:zombie":12,"minecraft:blaze":10,"nethertitan:arambulo_morado":2},"minecraft:broken":{"minecraft:iron_pickaxe":1,"minecraft:iron_leggings":1},"minecraft:used":{"minecraft:enchanting_table":1,"minecraft:polished_deepslate":137,"minecraft:oak_planks":5,"minecraft:oak_sign":4,"minecraft:chest":8,"minecraft:iron_sword":8,"minecraft:iron_chestplate":1,"minecraft:torch":37,"minecraft:golden_apple":7,"minecraft:polished_deepslate_slab":10,"minecraft:dirt":34,"minecraft:crafting_table":4,"minecraft:granite":1,"minecraft:cobbled_deepslate_stairs":4,"minecraft:oak_log":22,"minecraft:bookshelf":2,"minecraft:iron_axe":59,"minecraft:iron_pickaxe":347,"minecraft:iron_helmet":1,"minecraft:totem_of_undying":1,"minecraft:iron_boots":1,"minecraft:diamond_sword":153,"minecraft:bow":19,"minecraft:skeleton_skull":1,"minecraft:cooked_beef":47,"minecraft:cobbled_deepslate":43,"minecraft:iron_leggings":1},"minecraft:killed_by":{"minecraft:player":1},"minecraft:custom":{"minecraft:mob_kills":44,"minecraft:traded_with_villager":1,"minecraft:interact_with_crafting_table":14,"minecraft:leave_game":1,"minecraft:time_since_death":128862,"minecraft:time_since_rest":128871,"minecraft:sprint_one_cm":484963,"minecraft:damage_absorbed":269,"minecraft:damage_taken":4095,"minecraft:walk_one_cm":187351,"minecraft:drop":16,"minecraft:damage_dealt":9596,"minecraft:damage_dealt_absorbed":45,"minecraft:talked_to_villager":4,"minecraft:swim_one_cm":22239,"minecraft:fly_one_cm":383772,"minecraft:player_kills":1,"minecraft:open_chest":43,"minecraft:crouch_one_cm":31880,"minecraft:play_time":138033,"minecraft:deaths":1,"minecraft:sneak_time":10893,"minecraft:walk_under_water_one_cm":7929,"minecraft:jump":2340,"minecraft:walk_on_water_one_cm":3356,"minecraft:enchant_item":3,"minecraft:total_world_time":138033,"minecraft:fall_one_cm":35202},"minecraft:mined":{"minecraft:tuff":21,"minecraft:cobbled_deepslate_stairs":2,"minecraft:amethyst_cluster":1,"minecraft:crafting_table":2,"minecraft:blast_furnace":2,"minecraft:grass_block":12,"minecraft:rose_bush":1,"minecraft:lectern":1,"minecraft:spruce_leaves":4,"minecraft:deepslate_gold_ore":5,"minecraft:grindstone":1,"minecraft:sugar_cane":21,"minecraft:oak_planks":2,"minecraft:wall_torch":2,"minecraft:large_fern":1,"minecraft:purple_bed":2,"minecraft:redstone_torch":1,"minecraft:sweet_berry_bush":8,"minecraft:iron_ore":11,"minecraft:cobbled_deepslate":1,"minecraft:spruce_log":6,"minecraft:coal_ore":9,"minecraft:bookshelf":7,"minecraft:polished_deepslate":11,"minecraft:grass":3,"minecraft:skeleton_wall_skull":1,"minecraft:oak_log":43,"minecraft:polished_deepslate_slab":3,"minecraft:deepslate_iron_ore":8,"minecraft:dirt":21,"minecraft:stone":4,"minecraft:oak_leaves":5,"minecraft:deepslate":265},"minecraft:dropped":{"minecraft:iron_ingot":1,"minecraft:cooked_beef":1,"minecraft:golden_chestplate":1,"minecraft:rotten_flesh":11,"minecraft:clay_ball":4,"minecraft:granite":2,"minecraft:totem_of_undying":1,"minecraft:rose_bush":1,"minecraft:oak_sapling":3,"minecraft:amethyst_shard":4,"minecraft:lectern":1}},"DataVersion":2975}