{"stats":{"minecraft:picked_up":{"minecraft:raw_iron":8,"minecraft:stick":1,"minecraft:crafting_table":4,"minecraft:cooked_beef":1,"minecraft:clay_ball":4,"minecraft:torch":156,"minecraft:tuff":21,"minecraft:oak_log":46,"minecraft:diorite":4,"minecraft:polished_deepslate":3,"minecraft:golden_chestplate":1,"minecraft:dirt":4,"minecraft:iron_axe":1,"minecraft:rotten_flesh":2,"minecraft:cobbled_deepslate":210,"minecraft:iron_ingot":50,"minecraft:granite":3,"minecraft:oak_sapling":4,"minecraft:oak_planks":7,"minecraft:cobblestone":1},"minecraft:used":{"minecraft:oak_log":16,"minecraft:polished_deepslate":14,"minecraft:iron_axe":37,"minecraft:iron_pickaxe":181,"minecraft:oak_planks":4,"minecraft:torch":35,"minecraft:dirt":3,"minecraft:crafting_table":4,"minecraft:cooked_beef":7,"minecraft:cobbled_deepslate":18},"minecraft:crafted":{"minecraft:oak_planks":60,"minecraft:iron_boots":1,"minecraft:iron_chestplate":1,"minecraft:polished_deepslate":36,"minecraft:iron_axe":1,"minecraft:stick":12,"minecraft:iron_helmet":1,"minecraft:iron_pickaxe":1,"minecraft:iron_sword":1,"minecraft:iron_leggings":1},"minecraft:custom":{"minecraft:time_since_rest":33525,"minecraft:sprint_one_cm":79828,"minecraft:damage_taken":676,"minecraft:walk_one_cm":37311,"minecraft:drop":6,"minecraft:damage_dealt":226,"minecraft:fly_one_cm":29137,"minecraft:interact_with_crafting_table":3,"minecraft:crouch_one_cm":12420,"minecraft:play_time":42687,"minecraft:deaths":1,"minecraft:sneak_time":3505,"minecraft:jump":359,"minecraft:time_since_death":33516,"minecraft:total_world_time":42687,"minecraft:fall_one_cm":2382},"minecraft:mined":{"minecraft:tuff":21,"minecraft:crafting_table":2,"minecraft:polished_deepslate":2,"minecraft:grass_block":2,"minecraft:oak_log":43,"minecraft:deepslate_iron_ore":8,"minecraft:dirt":1,"minecraft:oak_planks":1,"minecraft:oak_leaves":1,"minecraft:wall_torch":2,"minecraft:deepslate":148},"minecraft:killed_by":{"minecraft:player":1},"minecraft:dropped":{"minecraft:golden_chestplate":1,"minecraft:cooked_beef":1,"minecraft:oak_sapling":2,"minecraft:rotten_flesh":2,"minecraft:clay_ball":4}},"DataVersion":2975}