{"stats":{"minecraft:dropped":{"minecraft:diamond_sword":1,"minecraft:shield":1,"minecraft:lapis_lazuli":41,"minecraft:cooked_beef":13,"minecraft:zombie_head":1},"minecraft:killed_by":{"nethertitan:arambulo_verde":1,"minecraft:zombie":1},"minecraft:used":{"minecraft:diamond_pickaxe":8,"minecraft:stone_sword":5,"minecraft:rotten_flesh":1,"minecraft:netherrack":3,"minecraft:diamond_sword":7,"minecraft:hay_block":10,"minecraft:cooked_beef":11,"minecraft:cobbled_deepslate":6},"minecraft:picked_up":{"minecraft:leather_chestplate":1,"minecraft:cooked_beef":66,"minecraft:leather_leggings":1,"minecraft:diamond_sword":2,"minecraft:shield":2,"minecraft:lapis_lazuli":41,"minecraft:string":19,"minecraft:leather_helmet":1,"minecraft:iron_leggings":1,"minecraft:leather_boots":1,"minecraft:stone_sword":1,"minecraft:zombie_head":2,"minecraft:rotten_flesh":2,"minecraft:stone_axe":1,"minecraft:cobbled_deepslate":7,"minecraft:raw_gold":32,"minecraft:hay_block":33,"minecraft:beef":23,"minecraft:stone_pickaxe":1,"minecraft:netherrack":3,"minecraft:diamond_pickaxe":1},"minecraft:custom":{"minecraft:time_since_rest":6175,"minecraft:sprint_one_cm":59733,"minecraft:damage_taken":1518,"minecraft:walk_one_cm":82530,"minecraft:drop":17,"minecraft:damage_dealt":153,"minecraft:swim_one_cm":19456,"minecraft:fly_one_cm":101044,"minecraft:crouch_one_cm":4060,"minecraft:play_time":37756,"minecraft:deaths":2,"minecraft:sneak_time":2254,"minecraft:walk_under_water_one_cm":13864,"minecraft:jump":805,"minecraft:leave_game":8,"minecraft:time_since_death":6166,"minecraft:walk_on_water_one_cm":5690,"minecraft:total_world_time":37756,"minecraft:fall_one_cm":22117},"minecraft:mined":{"minecraft:hay_block":6,"minecraft:cobbled_deepslate":5,"minecraft:birch_leaves":1,"minecraft:grass":3,"minecraft:netherrack":2,"minecraft:oak_leaves":1}},"DataVersion":2975}