{"stats":{"minecraft:crafted":{"minecraft:wooden_sword":1,"minecraft:oak_planks":120,"minecraft:furnace":2,"minecraft:bow":1,"minecraft:diamond_helmet":2,"minecraft:diamond_leggings":1,"minecraft:iron_boots":1,"minecraft:stone_pickaxe":1,"minecraft:diamond_boots":1,"minecraft:diamond_sword":1,"minecraft:crafting_table":4,"minecraft:wooden_pickaxe":1,"minecraft:iron_helmet":1,"minecraft:iron_sword":1,"minecraft:bucket":1,"minecraft:stone_axe":1,"minecraft:air":0,"minecraft:oak_boat":1,"minecraft:iron_chestplate":1,"minecraft:diamond_pickaxe":1,"minecraft:shield":2,"minecraft:stick":20,"minecraft:iron_ingot":72,"minecraft:iron_pickaxe":1,"minecraft:iron_block":3,"minecraft:stone_sword":1,"minecraft:iron_leggings":1,"minecraft:anvil":1,"minecraft:diamond_chestplate":1},"minecraft:picked_up":{"minecraft:crafting_table":11,"nethertitan:arambulo_pata_2":3,"minecraft:creeper_head":1,"nethertitan:arambulo_pata_3":19,"minecraft:amethyst_block":19,"minecraft:string":56,"minecraft:cobbled_deepslate":479,"minecraft:beef":1,"minecraft:oak_boat":1,"minecraft:calcite":16,"minecraft:sugar_cane":32,"minecraft:furnace":4,"minecraft:stick":1,"minecraft:raw_iron":72,"minecraft:porkchop":8,"minecraft:diorite":14,"minecraft:arrow":12,"nethertitan:arambulo_pata":7,"minecraft:rotten_flesh":22,"minecraft:blaze_rod":1,"minecraft:obsidian":4,"minecraft:mutton":5,"minecraft:white_wool":1,"minecraft:snowball":3,"minecraft:rail":2,"minecraft:cobblestone":113,"minecraft:glow_ink_sac":1,"minecraft:andesite":2,"minecraft:leather":2,"minecraft:flint":2,"minecraft:tuff":62,"minecraft:oak_log":30,"minecraft:gunpowder":2,"minecraft:lapis_lazuli":44,"minecraft:dirt":26,"minecraft:podzol":64,"minecraft:bone":8,"minecraft:chipped_anvil":1,"minecraft:bow":3,"minecraft:raw_gold":16,"minecraft:iron_ingot":1,"minecraft:oak_planks":42,"minecraft:smooth_basalt":7,"minecraft:raw_iron_block":1,"minecraft:gravel":23,"minecraft:amethyst_shard":2,"minecraft:diamond":63,"minecraft:granite":8,"minecraft:golden_apple":8,"minecraft:oak_sapling":2,"minecraft:netherrack":29,"minecraft:ender_pearl":1},"minecraft:killed":{"minecraft:cave_spider":3,"minecraft:spider":2,"minecraft:skeleton":14,"minecraft:silverfish":1,"nethertitan:arambulo":3,"minecraft:pig":3,"minecraft:creeper":1,"minecraft:sheep":3,"nethertitan:arambulo_verde":2,"minecraft:zombie":19,"minecraft:donkey":1,"nethertitan:arambulo_morado":7,"minecraft:cow":1,"minecraft:enderman":4},"minecraft:broken":{"minecraft:stone_pickaxe":1,"minecraft:shield":1,"minecraft:iron_pickaxe":1},"minecraft:used":{"minecraft:stone_sword":25,"minecraft:shield":56,"minecraft:iron_sword":150,"minecraft:torch":13,"minecraft:dirt":16,"minecraft:anvil":1,"minecraft:snowball":3,"minecraft:furnace":5,"minecraft:cooked_beef":45,"minecraft:cobbled_deepslate":122,"minecraft:water_bucket":16,"minecraft:stone_pickaxe":131,"minecraft:oak_planks":4,"minecraft:wooden_pickaxe":10,"minecraft:sugar_cane":7,"minecraft:crafting_table":14,"minecraft:diamond_pickaxe":601,"minecraft:iron_pickaxe":250,"minecraft:stone_axe":55,"minecraft:diamond_sword":100,"minecraft:cobblestone":54,"minecraft:bucket":17,"minecraft:oak_boat":1},"minecraft:killed_by":{"minecraft:player":1},"minecraft:custom":{"minecraft:interact_with_anvil":1,"minecraft:mob_kills":66,"minecraft:interact_with_crafting_table":35,"minecraft:leave_game":5,"minecraft:time_since_death":136352,"minecraft:sprint_one_cm":446116,"minecraft:walk_one_cm":315847,"minecraft:damage_blocked_by_shield":4310,"minecraft:drop":62,"minecraft:play_time":213328,"minecraft:deaths":1,"minecraft:sneak_time":21617,"minecraft:walk_under_water_one_cm":12325,"minecraft:boat_one_cm":51113,"minecraft:jump":2265,"minecraft:walk_on_water_one_cm":29516,"minecraft:total_world_time":213328,"minecraft:interact_with_furnace":37,"minecraft:time_since_rest":136358,"minecraft:damage_taken":3746,"minecraft:damage_dealt":14229,"minecraft:swim_one_cm":27618,"minecraft:fly_one_cm":300046,"minecraft:crouch_one_cm":55776,"minecraft:fall_one_cm":40057,"minecraft:horse_one_cm":31102},"minecraft:dropped":{"minecraft:bread":1,"minecraft:iron_sword":1,"minecraft:glow_ink_sac":1,"minecraft:cobblestone":8,"minecraft:iron_helmet":1,"minecraft:amethyst_block":19,"minecraft:leather":2,"minecraft:granite":8,"minecraft:rail":2,"minecraft:stick":4,"minecraft:flint":2,"minecraft:dirt":10,"minecraft:diorite":14,"minecraft:diamond_helmet":1,"minecraft:iron_leggings":1,"minecraft:amethyst_shard":2,"minecraft:wooden_sword":1,"minecraft:raw_iron_block":1,"minecraft:string":53,"minecraft:white_wool":1,"nethertitan:arambulo_pata":2,"minecraft:smooth_basalt":5,"minecraft:bone":7,"minecraft:gravel":23,"minecraft:stone_axe":1,"minecraft:creeper_head":1,"minecraft:sugar_cane":25,"minecraft:stone_sword":1,"minecraft:blaze_rod":1,"minecraft:cobbled_deepslate":263,"minecraft:rotten_flesh":20,"minecraft:iron_boots":1,"nethertitan:arambulo_pata_3":13,"minecraft:iron_chestplate":1,"minecraft:andesite":2,"nethertitan:arambulo_pata_2":3,"minecraft:oak_boat":1,"minecraft:oak_sapling":2,"minecraft:bow":1,"minecraft:arrow":9,"minecraft:beef":1,"minecraft:podzol":64,"minecraft:wooden_pickaxe":1,"minecraft:calcite":15},"minecraft:mined":{"minecraft:diamond_ore":1,"minecraft:tuff":65,"minecraft:deepslate_diamond_ore":63,"minecraft:obsidian":4,"minecraft:granite":8,"minecraft:budding_amethyst":3,"minecraft:grass_block":10,"minecraft:spawner":3,"minecraft:raw_iron_block":1,"minecraft:furnace":4,"minecraft:iron_ore":65,"minecraft:cobbled_deepslate":15,"minecraft:andesite":4,"minecraft:deepslate_lapis_ore":6,"minecraft:deepslate_iron_ore":4,"minecraft:rail":1,"minecraft:stone":86,"minecraft:deepslate_redstone_ore":2,"minecraft:crafting_table":11,"minecraft:calcite":20,"minecraft:cobblestone":21,"minecraft:lapis_ore":1,"minecraft:deepslate_gold_ore":8,"minecraft:sugar_cane":21,"minecraft:oak_planks":5,"minecraft:diorite":14,"minecraft:amethyst_block":22,"minecraft:birch_leaves":3,"minecraft:grass":2,"minecraft:oak_log":28,"minecraft:gravel":25,"minecraft:dirt":16,"minecraft:cobweb":55,"minecraft:smooth_basalt":7,"minecraft:netherrack":29,"minecraft:chipped_anvil":1,"minecraft:gold_ore":8,"minecraft:oak_leaves":3,"minecraft:deepslate":492}},"DataVersion":2975}