{"stats":{"minecraft:crafted":{"minecraft:wooden_sword":1,"minecraft:oak_planks":120,"minecraft:furnace":2,"minecraft:diamond_helmet":2,"minecraft:diamond_leggings":1,"minecraft:iron_boots":1,"minecraft:stone_pickaxe":1,"minecraft:diamond_boots":1,"minecraft:diamond_sword":1,"minecraft:crafting_table":3,"minecraft:wooden_pickaxe":1,"minecraft:iron_helmet":1,"minecraft:iron_sword":1,"minecraft:bucket":1,"minecraft:stone_axe":1,"minecraft:air":0,"minecraft:oak_boat":1,"minecraft:iron_chestplate":1,"minecraft:diamond_pickaxe":1,"minecraft:shield":2,"minecraft:stick":16,"minecraft:iron_ingot":35,"minecraft:iron_pickaxe":1,"minecraft:stone_sword":1,"minecraft:iron_leggings":1,"minecraft:diamond_chestplate":1},"minecraft:picked_up":{"minecraft:crafting_table":10,"nethertitan:arambulo_pata_2":3,"minecraft:creeper_head":1,"nethertitan:arambulo_pata_3":13,"minecraft:amethyst_block":19,"minecraft:string":52,"minecraft:cobbled_deepslate":446,"minecraft:beef":1,"minecraft:oak_boat":1,"minecraft:calcite":16,"minecraft:sugar_cane":32,"minecraft:furnace":3,"minecraft:stick":1,"minecraft:raw_iron":72,"minecraft:porkchop":8,"minecraft:diorite":14,"minecraft:arrow":10,"nethertitan:arambulo_pata":2,"minecraft:rotten_flesh":16,"minecraft:blaze_rod":1,"minecraft:mutton":5,"minecraft:white_wool":1,"minecraft:snowball":3,"minecraft:rail":2,"minecraft:cobblestone":76,"minecraft:glow_ink_sac":1,"minecraft:andesite":2,"minecraft:leather":2,"minecraft:flint":2,"minecraft:tuff":62,"minecraft:oak_log":30,"minecraft:lapis_lazuli":19,"minecraft:dirt":26,"minecraft:podzol":64,"minecraft:bone":7,"minecraft:bow":1,"minecraft:raw_gold":11,"minecraft:iron_ingot":1,"minecraft:oak_planks":19,"minecraft:smooth_basalt":7,"minecraft:raw_iron_block":1,"minecraft:gravel":23,"minecraft:amethyst_shard":2,"minecraft:diamond":48,"minecraft:granite":8,"minecraft:golden_apple":8,"minecraft:oak_sapling":2,"minecraft:netherrack":29,"minecraft:ender_pearl":1},"minecraft:killed":{"minecraft:cave_spider":3,"minecraft:spider":2,"minecraft:skeleton":10,"minecraft:silverfish":1,"nethertitan:arambulo":1,"minecraft:pig":3,"minecraft:sheep":3,"nethertitan:arambulo_verde":2,"minecraft:zombie":15,"minecraft:donkey":1,"nethertitan:arambulo_morado":5,"minecraft:cow":1,"minecraft:enderman":3},"minecraft:broken":{"minecraft:stone_pickaxe":1,"minecraft:shield":1,"minecraft:iron_pickaxe":1},"minecraft:used":{"minecraft:stone_sword":25,"minecraft:shield":46,"minecraft:iron_sword":150,"minecraft:torch":13,"minecraft:dirt":16,"minecraft:snowball":3,"minecraft:furnace":4,"minecraft:cooked_beef":38,"minecraft:cobbled_deepslate":75,"minecraft:water_bucket":10,"minecraft:stone_pickaxe":131,"minecraft:oak_planks":4,"minecraft:wooden_pickaxe":10,"minecraft:sugar_cane":7,"minecraft:crafting_table":12,"minecraft:diamond_pickaxe":473,"minecraft:iron_pickaxe":250,"minecraft:stone_axe":55,"minecraft:diamond_sword":45,"minecraft:cobblestone":50,"minecraft:bucket":11,"minecraft:oak_boat":1},"minecraft:killed_by":{"minecraft:player":1},"minecraft:custom":{"minecraft:mob_kills":51,"minecraft:interact_with_crafting_table":27,"minecraft:leave_game":5,"minecraft:time_since_death":112352,"minecraft:sprint_one_cm":390014,"minecraft:walk_one_cm":279974,"minecraft:damage_blocked_by_shield":3805,"minecraft:drop":48,"minecraft:play_time":189328,"minecraft:deaths":1,"minecraft:sneak_time":19348,"minecraft:walk_under_water_one_cm":8592,"minecraft:boat_one_cm":51113,"minecraft:jump":1865,"minecraft:walk_on_water_one_cm":22625,"minecraft:total_world_time":189328,"minecraft:interact_with_furnace":24,"minecraft:time_since_rest":112358,"minecraft:damage_taken":3189,"minecraft:damage_dealt":10569,"minecraft:swim_one_cm":21534,"minecraft:fly_one_cm":255543,"minecraft:crouch_one_cm":51397,"minecraft:fall_one_cm":31666,"minecraft:horse_one_cm":31102},"minecraft:mined":{"minecraft:tuff":65,"minecraft:deepslate_diamond_ore":49,"minecraft:granite":8,"minecraft:budding_amethyst":3,"minecraft:grass_block":10,"minecraft:spawner":3,"minecraft:raw_iron_block":1,"minecraft:furnace":3,"minecraft:iron_ore":65,"minecraft:cobbled_deepslate":13,"minecraft:andesite":4,"minecraft:deepslate_lapis_ore":2,"minecraft:deepslate_iron_ore":4,"minecraft:rail":1,"minecraft:stone":50,"minecraft:deepslate_redstone_ore":2,"minecraft:crafting_table":10,"minecraft:calcite":20,"minecraft:cobblestone":17,"minecraft:lapis_ore":1,"minecraft:deepslate_gold_ore":8,"minecraft:sugar_cane":21,"minecraft:oak_planks":5,"minecraft:diorite":14,"minecraft:amethyst_block":22,"minecraft:birch_leaves":3,"minecraft:grass":2,"minecraft:oak_log":28,"minecraft:gravel":25,"minecraft:dirt":16,"minecraft:cobweb":51,"minecraft:smooth_basalt":7,"minecraft:netherrack":29,"minecraft:gold_ore":3,"minecraft:oak_leaves":3,"minecraft:deepslate":436},"minecraft:dropped":{"minecraft:iron_sword":1,"minecraft:glow_ink_sac":1,"minecraft:cobblestone":8,"minecraft:iron_helmet":1,"minecraft:leather":2,"minecraft:granite":8,"minecraft:rail":2,"minecraft:stick":3,"minecraft:flint":2,"minecraft:dirt":10,"minecraft:diorite":14,"minecraft:diamond_helmet":1,"minecraft:iron_leggings":1,"minecraft:wooden_sword":1,"minecraft:string":52,"minecraft:white_wool":1,"minecraft:smooth_basalt":5,"minecraft:bone":6,"minecraft:gravel":23,"minecraft:sugar_cane":25,"minecraft:stone_sword":1,"minecraft:blaze_rod":1,"minecraft:cobbled_deepslate":263,"minecraft:rotten_flesh":16,"minecraft:iron_boots":1,"nethertitan:arambulo_pata_3":13,"minecraft:iron_chestplate":1,"minecraft:andesite":2,"minecraft:oak_boat":1,"minecraft:oak_sapling":2,"minecraft:arrow":9,"minecraft:podzol":64,"minecraft:wooden_pickaxe":1,"minecraft:calcite":15}},"DataVersion":2975}