{"stats":{"minecraft:picked_up":{"minecraft:crafting_table":4,"minecraft:glow_ink_sac":1,"minecraft:flint":2,"minecraft:tuff":13,"minecraft:oak_log":28,"minecraft:string":52,"minecraft:dirt":19,"minecraft:bone":2,"minecraft:cobbled_deepslate":15,"minecraft:raw_gold":2,"minecraft:oak_planks":19,"minecraft:furnace":2,"minecraft:raw_iron":32,"minecraft:stick":1,"minecraft:gravel":21,"minecraft:diorite":12,"minecraft:arrow":3,"minecraft:rotten_flesh":1,"minecraft:diamond":2,"minecraft:oak_sapling":1,"minecraft:mutton":1,"minecraft:white_wool":1,"minecraft:rail":2,"minecraft:cobblestone":48,"minecraft:ender_pearl":1},"minecraft:used":{"minecraft:stone_sword":25,"minecraft:stone_pickaxe":79,"minecraft:oak_planks":4,"minecraft:shield":6,"minecraft:wooden_pickaxe":10,"minecraft:iron_sword":61,"minecraft:dirt":16,"minecraft:crafting_table":4,"minecraft:iron_pickaxe":64,"minecraft:stone_axe":34,"minecraft:cobblestone":17,"minecraft:furnace":2,"minecraft:cooked_beef":6},"minecraft:custom":{"minecraft:interact_with_furnace":20,"minecraft:mob_kills":10,"minecraft:interact_with_crafting_table":12,"minecraft:leave_game":2,"minecraft:time_since_death":44444,"minecraft:time_since_rest":44444,"minecraft:sprint_one_cm":93722,"minecraft:damage_taken":356,"minecraft:walk_one_cm":50464,"minecraft:damage_blocked_by_shield":195,"minecraft:damage_dealt":1807,"minecraft:swim_one_cm":6360,"minecraft:fly_one_cm":26089,"minecraft:crouch_one_cm":11602,"minecraft:play_time":44444,"minecraft:sneak_time":4983,"minecraft:walk_under_water_one_cm":312,"minecraft:jump":285,"minecraft:walk_on_water_one_cm":1853,"minecraft:total_world_time":44444,"minecraft:fall_one_cm":4223},"minecraft:crafted":{"minecraft:wooden_sword":1,"minecraft:oak_planks":112,"minecraft:crafting_table":1,"minecraft:wooden_pickaxe":1,"minecraft:iron_helmet":1,"minecraft:iron_sword":1,"minecraft:furnace":1,"minecraft:stone_axe":1,"minecraft:air":0,"minecraft:iron_boots":1,"minecraft:iron_chestplate":1,"minecraft:shield":1,"minecraft:stick":12,"minecraft:iron_ingot":32,"minecraft:iron_pickaxe":1,"minecraft:stone_pickaxe":1,"minecraft:stone_sword":1,"minecraft:iron_leggings":1},"minecraft:mined":{"minecraft:tuff":13,"minecraft:deepslate_diamond_ore":2,"minecraft:crafting_table":4,"minecraft:grass_block":5,"minecraft:cobblestone":7,"minecraft:deepslate_gold_ore":2,"minecraft:oak_planks":5,"minecraft:diorite":12,"minecraft:spawner":2,"minecraft:furnace":2,"minecraft:iron_ore":32,"minecraft:grass":1,"minecraft:oak_log":28,"minecraft:rail":1,"minecraft:gravel":23,"minecraft:dirt":14,"minecraft:cobweb":51,"minecraft:stone":36,"minecraft:oak_leaves":2,"minecraft:deepslate":15},"minecraft:killed":{"minecraft:cave_spider":3,"minecraft:sheep":1,"minecraft:skeleton":3,"minecraft:zombie":1,"minecraft:enderman":2}},"DataVersion":2975}