{"stats":{"minecraft:killed_by":{"minecraft:player":12},"minecraft:crafted":{"minecraft:oak_planks":176,"minecraft:diamond_shovel":1,"minecraft:diamond_helmet":3,"minecraft:bow":1,"minecraft:diamond_leggings":1,"minecraft:iron_boots":1,"minecraft:chest":3,"minecraft:crafting_table":8,"minecraft:spruce_planks":136,"minecraft:iron_helmet":2,"minecraft:wooden_pickaxe":1,"minecraft:smithing_table":1,"minecraft:birch_planks":52,"minecraft:totem_of_undying":1,"minecraft:book":1,"minecraft:iron_chestplate":1,"minecraft:paper":3,"minecraft:diamond_pickaxe":2,"minecraft:shield":2,"minecraft:stick":288,"minecraft:iron_ingot":74,"minecraft:iron_pickaxe":1,"minecraft:iron_block":3,"minecraft:stone_sword":1,"minecraft:gold_ingot":30,"minecraft:netherite_ingot":5,"minecraft:wooden_sword":1,"minecraft:furnace":5,"minecraft:flint_and_steel":1,"minecraft:iron_axe":1,"minecraft:ender_pearl":3,"minecraft:stone_pickaxe":1,"minecraft:diamond_boots":2,"minecraft:netherite_scrap":22,"minecraft:netherite_pickaxe":1,"minecraft:diamond_sword":2,"minecraft:enchanting_table":1,"minecraft:iron_sword":1,"minecraft:bucket":1,"minecraft:stone_axe":1,"minecraft:air":0,"minecraft:oak_boat":1,"minecraft:iron_leggings":1,"minecraft:anvil":1,"minecraft:diamond_chestplate":1},"minecraft:custom":{"minecraft:interact_with_crafting_table":69,"minecraft:leave_game":8,"minecraft:time_since_death":226422,"minecraft:damage_resisted":814,"minecraft:sprint_one_cm":1255606,"minecraft:damage_blocked_by_shield":6280,"minecraft:drop":182,"minecraft:talked_to_villager":28,"minecraft:play_time":505602,"minecraft:deaths":13,"minecraft:jump":7278,"minecraft:walk_on_water_one_cm":47042,"minecraft:enchant_item":16,"minecraft:interact_with_furnace":64,"minecraft:traded_with_villager":2,"minecraft:damage_dealt":50852,"minecraft:player_kills":3,"minecraft:crouch_one_cm":220474,"minecraft:horse_one_cm":31102,"minecraft:interact_with_smithing_table":5,"minecraft:mob_kills":209,"minecraft:interact_with_anvil":8,"minecraft:walk_one_cm":939830,"minecraft:damage_dealt_absorbed":1360,"minecraft:sneak_time":65378,"minecraft:walk_under_water_one_cm":21567,"minecraft:boat_one_cm":51113,"minecraft:total_world_time":505602,"minecraft:time_since_rest":226430,"minecraft:damage_taken":20918,"minecraft:damage_absorbed":1265,"minecraft:swim_one_cm":97316,"minecraft:fly_one_cm":1231552,"minecraft:open_chest":22,"minecraft:fall_one_cm":145669},"minecraft:used":{"minecraft:chest":5,"minecraft:shield":88,"minecraft:iron_sword":150,"minecraft:mutton":2,"minecraft:tuff":3,"minecraft:snowball":3,"minecraft:lava_bucket":8,"minecraft:iron_helmet":1,"minecraft:netherite_boots":1,"minecraft:bow":360,"minecraft:furnace":9,"minecraft:damaged_anvil":4,"minecraft:diamond_boots":1,"minecraft:stone_pickaxe":131,"minecraft:oak_planks":4,"minecraft:ender_pearl":1,"minecraft:wooden_pickaxe":10,"minecraft:sugar_cane":18,"minecraft:golden_apple":17,"minecraft:sand":10,"minecraft:gravel":25,"minecraft:diamond_sword":615,"minecraft:smithing_table":2,"minecraft:oak_boat":1,"minecraft:enchanting_table":6,"minecraft:stone_sword":25,"minecraft:flint_and_steel":2,"minecraft:netherrack":204,"minecraft:torch":21,"minecraft:dirt":78,"minecraft:anvil":1,"minecraft:chipped_anvil":2,"minecraft:iron_axe":167,"minecraft:totem_of_undying":4,"minecraft:netherite_pickaxe":248,"minecraft:cooked_beef":174,"minecraft:cobbled_deepslate":271,"minecraft:enchanted_golden_apple":4,"minecraft:water_bucket":65,"minecraft:birch_planks":2,"minecraft:crafting_table":22,"minecraft:spruce_log":2,"minecraft:diamond_pickaxe":2759,"minecraft:diamond_shovel":1451,"minecraft:iron_pickaxe":250,"minecraft:stone_axe":55,"minecraft:cobblestone":129,"minecraft:bucket":74},"minecraft:broken":{"minecraft:diamond_helmet":2,"minecraft:stone_pickaxe":1,"minecraft:diamond_boots":1,"minecraft:diamond_chestplate":1,"minecraft:diamond_leggings":1,"minecraft:shield":1,"minecraft:iron_pickaxe":1},"minecraft:mined":{"minecraft:obsidian":5,"minecraft:granite":32,"minecraft:budding_amethyst":3,"minecraft:grass_block":657,"minecraft:spawner":3,"minecraft:magma_block":15,"minecraft:raw_iron_block":1,"minecraft:iron_ore":118,"minecraft:cobbled_deepslate":33,"minecraft:deepslate_lapis_ore":6,"minecraft:enchanting_table":5,"minecraft:deepslate_redstone_ore":2,"minecraft:blackstone":75,"minecraft:torch":8,"minecraft:calcite":20,"minecraft:chest":2,"minecraft:nether_quartz_ore":27,"minecraft:cobblestone":32,"minecraft:sugar_cane":25,"minecraft:oak_planks":5,"minecraft:damaged_anvil":3,"minecraft:amethyst_block":22,"minecraft:birch_log":13,"minecraft:grass":10,"minecraft:oak_log":95,"minecraft:sand":128,"minecraft:dirt":747,"minecraft:smooth_basalt":7,"minecraft:netherrack":1646,"minecraft:ancient_debris":22,"minecraft:oak_leaves":27,"minecraft:deepslate":606,"minecraft:nether_gold_ore":36,"minecraft:diamond_ore":1,"minecraft:tuff":76,"minecraft:deepslate_diamond_ore":81,"minecraft:furnace":7,"minecraft:andesite":32,"minecraft:deepslate_iron_ore":4,"minecraft:rail":1,"minecraft:stone":344,"minecraft:smithing_table":2,"minecraft:crafting_table":16,"minecraft:lapis_ore":1,"minecraft:deepslate_gold_ore":8,"minecraft:diorite":15,"minecraft:birch_planks":1,"minecraft:sweet_berry_bush":1,"minecraft:spruce_log":34,"minecraft:birch_leaves":5,"minecraft:coal_ore":2,"minecraft:gravel":65,"minecraft:cobweb":55,"minecraft:chipped_anvil":2,"minecraft:gold_ore":8},"minecraft:dropped":{"minecraft:iron_sword":1,"minecraft:glow_ink_sac":1,"minecraft:crafting_table":1,"minecraft:leather":2,"minecraft:saddle":7,"minecraft:rail":2,"minecraft:flint":2,"minecraft:emerald":15,"minecraft:dirt":39,"minecraft:wooden_sword":1,"minecraft:gold_nugget":9,"minecraft:amethyst_shard":2,"minecraft:white_wool":1,"nethertitan:arambulo_pata":10,"minecraft:gold_ingot":5,"minecraft:bone":24,"minecraft:gravel":28,"minecraft:stone_axe":1,"minecraft:blackstone":64,"minecraft:sugar_cane":25,"minecraft:cobbled_deepslate":397,"minecraft:obsidian":1,"minecraft:rotten_flesh":53,"minecraft:oak_planks":8,"nethertitan:arambulo_pata_3":30,"minecraft:poppy":4,"minecraft:gunpowder":2,"nethertitan:arambulo_pata_2":22,"minecraft:beef":3,"minecraft:arrow":10,"minecraft:glass":48,"minecraft:podzol":64,"minecraft:quartz":20,"minecraft:netherrack":818,"minecraft:egg":1,"minecraft:iron_ingot":7,"minecraft:bread":1,"minecraft:diamond_leggings":1,"minecraft:iron_helmet":3,"minecraft:cobblestone":42,"minecraft:amethyst_block":19,"minecraft:granite":8,"minecraft:coal":3,"minecraft:stick":263,"minecraft:diorite":15,"minecraft:torch":38,"minecraft:diamond_helmet":2,"minecraft:iron_leggings":1,"minecraft:wither_rose":4,"minecraft:iron_axe":1,"minecraft:raw_iron_block":1,"minecraft:paper":38,"minecraft:string":57,"minecraft:smooth_basalt":5,"minecraft:creeper_head":1,"minecraft:sweet_berries":2,"minecraft:blaze_rod":14,"minecraft:stone_sword":1,"minecraft:tuff":70,"minecraft:iron_boots":1,"minecraft:pumpkin_seeds":3,"minecraft:flint_and_steel":1,"minecraft:diamond_sword":1,"minecraft:potato":1,"minecraft:shield":4,"minecraft:iron_chestplate":1,"minecraft:diamond_pickaxe":2,"minecraft:andesite":17,"minecraft:oak_boat":1,"minecraft:oak_sapling":2,"minecraft:spider_eye":3,"minecraft:spruce_log":34,"minecraft:bow":4,"minecraft:wooden_pickaxe":1,"minecraft:calcite":15,"minecraft:magma_block":14},"minecraft:picked_up":{"nethertitan:arambulo_pata_2":22,"minecraft:creeper_head":1,"minecraft:smithing_table":2,"minecraft:wither_rose":4,"nethertitan:arambulo_pata_3":30,"minecraft:amethyst_block":19,"minecraft:string":62,"minecraft:diamond_leggings":1,"minecraft:gold_nugget":134,"minecraft:cobbled_deepslate":606,"minecraft:calcite":16,"minecraft:enchanted_golden_apple":2,"minecraft:furnace":7,"minecraft:stick":16,"minecraft:torch":8,"minecraft:porkchop":16,"minecraft:diorite":15,"minecraft:rotten_flesh":53,"minecraft:blaze_rod":14,"minecraft:obsidian":5,"minecraft:snowball":3,"minecraft:cobblestone":381,"minecraft:enchanting_table":5,"minecraft:birch_log":13,"minecraft:magma_block":14,"minecraft:andesite":30,"minecraft:potato":1,"minecraft:flint":3,"minecraft:tuff":73,"minecraft:lapis_lazuli":44,"minecraft:dirt":1281,"minecraft:glass":48,"minecraft:bone":26,"minecraft:chipped_anvil":2,"minecraft:bow":4,"minecraft:wheat_seeds":4,"minecraft:raw_gold":16,"minecraft:oak_planks":55,"minecraft:sand":121,"d_remake_mod:cuerno_de_ravager":6,"minecraft:diamond":81,"minecraft:granite":20,"minecraft:golden_apple":8,"minecraft:emerald":15,"minecraft:oak_sapling":13,"minecraft:netherrack":900,"minecraft:diamond_pickaxe":1,"minecraft:nether_star":3,"minecraft:crafting_table":16,"minecraft:shield":3,"minecraft:iron_axe":1,"minecraft:blackstone":64,"minecraft:beef":14,"minecraft:oak_boat":1,"minecraft:poppy":4,"minecraft:sugar_cane":44,"minecraft:chest":2,"minecraft:phantom_membrane":3,"minecraft:egg":1,"minecraft:raw_iron":124,"nethertitan:arambulo_pata":10,"minecraft:arrow":340,"minecraft:totem_of_undying":8,"minecraft:saddle":7,"minecraft:gold_ingot":5,"minecraft:mutton":12,"minecraft:rail":2,"minecraft:white_wool":3,"minecraft:glow_ink_sac":1,"minecraft:leather":4,"minecraft:birch_planks":1,"minecraft:oak_log":97,"minecraft:ancient_debris":22,"minecraft:gunpowder":2,"minecraft:paper":38,"minecraft:podzol":64,"minecraft:apple":1,"minecraft:iron_ingot":14,"minecraft:smooth_basalt":7,"minecraft:sweet_berries":2,"minecraft:quartz":20,"minecraft:raw_iron_block":1,"minecraft:gravel":58,"minecraft:amethyst_shard":2,"d_remake_mod:deditas":10,"minecraft:spruce_sapling":3,"minecraft:spruce_log":70,"minecraft:spider_eye":4,"minecraft:pumpkin_seeds":3,"minecraft:iron_helmet":1,"minecraft:gray_wool":1,"minecraft:damaged_anvil":4,"minecraft:coal":3,"minecraft:ender_pearl":1},"minecraft:killed":{"minecraft:cave_spider":5,"minecraft:zombified_piglin":2,"minecraft:spider":9,"minecraft:wither":1,"minecraft:skeleton":23,"minecraft:silverfish":1,"nethertitan:arambulo":4,"minecraft:pig":7,"minecraft:iron_golem":2,"minecraft:creeper":1,"minecraft:sheep":7,"nethertitan:arambulo_verde":4,"minecraft:zombie":36,"minecraft:donkey":1,"minecraft:cow":7,"minecraft:blaze":30,"nethertitan:arambulo_morado":8,"minecraft:evoker":10,"minecraft:vex":4,"minecraft:vindicator":2,"minecraft:phantom":4,"minecraft:ravager":7,"minecraft:wither_skeleton":5,"minecraft:enderman":4}},"DataVersion":2975}