{"stats":{"minecraft:crafted":{"minecraft:wooden_sword":1,"minecraft:oak_planks":120,"minecraft:furnace":1,"minecraft:diamond_helmet":2,"minecraft:diamond_leggings":1,"minecraft:iron_boots":1,"minecraft:stone_pickaxe":1,"minecraft:diamond_boots":1,"minecraft:diamond_sword":1,"minecraft:crafting_table":2,"minecraft:wooden_pickaxe":1,"minecraft:iron_helmet":1,"minecraft:iron_sword":1,"minecraft:bucket":1,"minecraft:stone_axe":1,"minecraft:air":0,"minecraft:oak_boat":1,"minecraft:iron_chestplate":1,"minecraft:diamond_pickaxe":1,"minecraft:shield":1,"minecraft:stick":16,"minecraft:iron_ingot":32,"minecraft:iron_pickaxe":1,"minecraft:stone_sword":1,"minecraft:iron_leggings":1,"minecraft:diamond_chestplate":1},"minecraft:picked_up":{"minecraft:crafting_table":9,"nethertitan:arambulo_pata_2":3,"minecraft:creeper_head":1,"nethertitan:arambulo_pata_3":13,"minecraft:amethyst_block":19,"minecraft:string":52,"minecraft:cobbled_deepslate":431,"minecraft:beef":1,"minecraft:oak_boat":1,"minecraft:calcite":15,"minecraft:sugar_cane":32,"minecraft:furnace":2,"minecraft:stick":1,"minecraft:raw_iron":35,"minecraft:porkchop":8,"minecraft:diorite":14,"minecraft:arrow":9,"nethertitan:arambulo_pata":2,"minecraft:rotten_flesh":16,"minecraft:blaze_rod":1,"minecraft:mutton":5,"minecraft:white_wool":1,"minecraft:snowball":3,"minecraft:rail":2,"minecraft:cobblestone":69,"minecraft:glow_ink_sac":1,"minecraft:andesite":2,"minecraft:leather":2,"minecraft:flint":2,"minecraft:tuff":59,"minecraft:oak_log":30,"minecraft:dirt":26,"minecraft:podzol":64,"minecraft:bone":6,"minecraft:raw_gold":8,"minecraft:iron_ingot":1,"minecraft:oak_planks":19,"minecraft:smooth_basalt":5,"minecraft:gravel":23,"minecraft:amethyst_shard":2,"minecraft:diamond":40,"minecraft:granite":8,"minecraft:golden_apple":8,"minecraft:oak_sapling":2,"minecraft:netherrack":29,"minecraft:ender_pearl":1},"minecraft:killed":{"minecraft:cave_spider":3,"minecraft:spider":2,"minecraft:skeleton":8,"minecraft:silverfish":1,"nethertitan:arambulo":1,"minecraft:pig":3,"minecraft:sheep":3,"nethertitan:arambulo_verde":2,"minecraft:donkey":1,"minecraft:zombie":15,"nethertitan:arambulo_morado":5,"minecraft:cow":1,"minecraft:enderman":3},"minecraft:broken":{"minecraft:stone_pickaxe":1,"minecraft:shield":1,"minecraft:iron_pickaxe":1},"minecraft:used":{"minecraft:stone_sword":25,"minecraft:shield":42,"minecraft:iron_sword":150,"minecraft:torch":11,"minecraft:dirt":16,"minecraft:snowball":3,"minecraft:furnace":3,"minecraft:cooked_beef":34,"minecraft:cobbled_deepslate":66,"minecraft:water_bucket":9,"minecraft:stone_pickaxe":131,"minecraft:oak_planks":4,"minecraft:wooden_pickaxe":10,"minecraft:sugar_cane":7,"minecraft:crafting_table":11,"minecraft:diamond_pickaxe":388,"minecraft:iron_pickaxe":250,"minecraft:stone_axe":54,"minecraft:diamond_sword":40,"minecraft:cobblestone":50,"minecraft:bucket":10,"minecraft:oak_boat":1},"minecraft:killed_by":{"minecraft:player":1},"minecraft:custom":{"minecraft:mob_kills":49,"minecraft:interact_with_crafting_table":23,"minecraft:leave_game":5,"minecraft:time_since_death":98299,"minecraft:sprint_one_cm":346798,"minecraft:walk_one_cm":256913,"minecraft:damage_blocked_by_shield":3435,"minecraft:drop":39,"minecraft:play_time":175275,"minecraft:deaths":1,"minecraft:sneak_time":17842,"minecraft:walk_under_water_one_cm":5004,"minecraft:boat_one_cm":51113,"minecraft:jump":1690,"minecraft:walk_on_water_one_cm":15938,"minecraft:total_world_time":175275,"minecraft:interact_with_furnace":21,"minecraft:time_since_rest":98305,"minecraft:damage_taken":2875,"minecraft:damage_dealt":10169,"minecraft:swim_one_cm":17281,"minecraft:fly_one_cm":234308,"minecraft:crouch_one_cm":47298,"minecraft:fall_one_cm":27986,"minecraft:horse_one_cm":31102},"minecraft:mined":{"minecraft:tuff":62,"minecraft:deepslate_diamond_ore":41,"minecraft:granite":8,"minecraft:budding_amethyst":3,"minecraft:grass_block":10,"minecraft:spawner":3,"minecraft:furnace":2,"minecraft:iron_ore":32,"minecraft:cobbled_deepslate":8,"minecraft:andesite":4,"minecraft:rail":1,"minecraft:stone":43,"minecraft:deepslate_redstone_ore":2,"minecraft:crafting_table":9,"minecraft:calcite":16,"minecraft:cobblestone":17,"minecraft:deepslate_gold_ore":8,"minecraft:sugar_cane":21,"minecraft:oak_planks":5,"minecraft:diorite":14,"minecraft:amethyst_block":21,"minecraft:birch_leaves":3,"minecraft:grass":2,"minecraft:oak_log":28,"minecraft:gravel":25,"minecraft:dirt":16,"minecraft:cobweb":51,"minecraft:smooth_basalt":5,"minecraft:netherrack":29,"minecraft:oak_leaves":3,"minecraft:deepslate":426},"minecraft:dropped":{"minecraft:iron_sword":1,"minecraft:glow_ink_sac":1,"minecraft:cobblestone":2,"minecraft:iron_helmet":1,"minecraft:leather":2,"minecraft:granite":8,"minecraft:rail":2,"minecraft:flint":2,"minecraft:dirt":8,"minecraft:diorite":12,"minecraft:diamond_helmet":1,"minecraft:iron_leggings":1,"minecraft:wooden_sword":1,"minecraft:string":52,"minecraft:white_wool":1,"minecraft:smooth_basalt":5,"minecraft:bone":6,"minecraft:sugar_cane":25,"minecraft:stone_sword":1,"minecraft:blaze_rod":1,"minecraft:cobbled_deepslate":133,"minecraft:rotten_flesh":16,"minecraft:iron_boots":1,"nethertitan:arambulo_pata_3":13,"minecraft:iron_chestplate":1,"minecraft:andesite":2,"minecraft:oak_boat":1,"minecraft:oak_sapling":2,"minecraft:arrow":9,"minecraft:wooden_pickaxe":1,"minecraft:calcite":15}},"DataVersion":2975}