{"stats":{"minecraft:picked_up":{"minecraft:raw_iron":24,"minecraft:stick":1,"minecraft:crafting_table":2,"minecraft:gravel":1,"minecraft:oak_log":28,"minecraft:diorite":12,"minecraft:dirt":16,"minecraft:oak_sapling":1,"minecraft:mutton":1,"minecraft:white_wool":1,"minecraft:cobblestone":35},"minecraft:used":{"minecraft:stone_sword":2,"minecraft:stone_pickaxe":61,"minecraft:wooden_pickaxe":10,"minecraft:stone_axe":26,"minecraft:dirt":16,"minecraft:crafting_table":3,"minecraft:furnace":1,"minecraft:cooked_beef":3},"minecraft:crafted":{"minecraft:wooden_sword":1,"minecraft:oak_planks":112,"minecraft:iron_boots":1,"minecraft:iron_chestplate":1,"minecraft:shield":1,"minecraft:crafting_table":1,"minecraft:stick":8,"minecraft:iron_ingot":20,"minecraft:wooden_pickaxe":1,"minecraft:stone_pickaxe":1,"minecraft:stone_sword":1,"minecraft:iron_leggings":1,"minecraft:furnace":1,"minecraft:stone_axe":1,"minecraft:air":0},"minecraft:custom":{"minecraft:time_since_rest":23071,"minecraft:interact_with_furnace":15,"minecraft:sprint_one_cm":27017,"minecraft:damage_taken":225,"minecraft:walk_one_cm":22228,"minecraft:mob_kills":1,"minecraft:damage_dealt":146,"minecraft:interact_with_crafting_table":10,"minecraft:swim_one_cm":6360,"minecraft:fly_one_cm":14992,"minecraft:crouch_one_cm":6250,"minecraft:play_time":23071,"minecraft:sneak_time":3024,"minecraft:walk_under_water_one_cm":312,"minecraft:jump":133,"minecraft:leave_game":1,"minecraft:time_since_death":23071,"minecraft:walk_on_water_one_cm":1853,"minecraft:total_world_time":23071,"minecraft:fall_one_cm":3327},"minecraft:mined":{"minecraft:iron_ore":24,"minecraft:crafting_table":2,"minecraft:grass":1,"minecraft:grass_block":5,"minecraft:oak_log":28,"minecraft:gravel":1,"minecraft:dirt":11,"minecraft:stone":30,"minecraft:diorite":12,"minecraft:oak_leaves":2},"minecraft:killed":{"minecraft:sheep":1}},"DataVersion":2975}