{"stats":{"minecraft:broken":{"minecraft:diamond_helmet":1,"minecraft:stone_pickaxe":1,"minecraft:shield":1,"minecraft:iron_pickaxe":1},"minecraft:dropped":{"minecraft:iron_ingot":2,"minecraft:bread":1,"minecraft:iron_sword":1,"minecraft:glow_ink_sac":1,"minecraft:crafting_table":1,"minecraft:iron_helmet":1,"minecraft:cobblestone":33,"minecraft:leather":2,"minecraft:amethyst_block":19,"minecraft:granite":8,"minecraft:rail":2,"minecraft:flint":2,"minecraft:stick":263,"minecraft:dirt":22,"minecraft:diorite":14,"minecraft:torch":37,"minecraft:diamond_helmet":1,"minecraft:iron_leggings":1,"minecraft:wooden_sword":1,"minecraft:gold_nugget":1,"minecraft:amethyst_shard":2,"minecraft:wither_rose":2,"minecraft:raw_iron_block":1,"minecraft:string":57,"minecraft:white_wool":1,"nethertitan:arambulo_pata":10,"minecraft:smooth_basalt":5,"minecraft:gold_ingot":5,"minecraft:bone":12,"minecraft:gravel":28,"minecraft:stone_axe":1,"minecraft:creeper_head":1,"minecraft:sweet_berries":2,"minecraft:sugar_cane":25,"minecraft:stone_sword":1,"minecraft:blaze_rod":5,"minecraft:cobbled_deepslate":269,"minecraft:tuff":70,"minecraft:obsidian":1,"minecraft:rotten_flesh":47,"minecraft:iron_boots":1,"minecraft:pumpkin_seeds":3,"nethertitan:arambulo_pata_3":30,"minecraft:poppy":4,"minecraft:potato":1,"minecraft:gunpowder":2,"minecraft:diamond_pickaxe":1,"minecraft:iron_chestplate":1,"minecraft:andesite":17,"nethertitan:arambulo_pata_2":16,"minecraft:oak_boat":1,"minecraft:oak_sapling":2,"minecraft:spider_eye":3,"minecraft:spruce_log":34,"minecraft:arrow":10,"minecraft:bow":3,"minecraft:wooden_pickaxe":1,"minecraft:beef":1,"minecraft:podzol":64,"minecraft:quartz":20,"minecraft:magma_block":14,"minecraft:calcite":15,"minecraft:netherrack":587,"minecraft:egg":1},"minecraft:crafted":{"minecraft:wooden_sword":1,"minecraft:oak_planks":120,"minecraft:furnace":2,"minecraft:flint_and_steel":1,"minecraft:bow":1,"minecraft:diamond_helmet":3,"minecraft:diamond_leggings":1,"minecraft:iron_boots":1,"minecraft:iron_axe":1,"minecraft:stone_pickaxe":1,"minecraft:diamond_boots":1,"minecraft:diamond_sword":1,"minecraft:crafting_table":7,"minecraft:spruce_planks":136,"minecraft:enchanting_table":1,"minecraft:wooden_pickaxe":1,"minecraft:iron_helmet":1,"minecraft:iron_sword":1,"minecraft:bucket":1,"minecraft:stone_axe":1,"minecraft:air":0,"minecraft:oak_boat":1,"minecraft:totem_of_undying":1,"minecraft:iron_chestplate":1,"minecraft:book":1,"minecraft:paper":3,"minecraft:diamond_pickaxe":1,"minecraft:shield":2,"minecraft:stick":280,"minecraft:iron_ingot":72,"minecraft:iron_pickaxe":1,"minecraft:iron_block":3,"minecraft:stone_sword":1,"minecraft:iron_leggings":1,"minecraft:anvil":1,"minecraft:diamond_chestplate":1},"minecraft:killed_by":{"minecraft:player":12},"minecraft:killed":{"minecraft:evoker":3,"minecraft:vex":1,"minecraft:cave_spider":5,"minecraft:zombified_piglin":2,"minecraft:vindicator":1,"minecraft:spider":4,"minecraft:wither":1,"minecraft:skeleton":16,"minecraft:silverfish":1,"nethertitan:arambulo":4,"minecraft:pig":7,"minecraft:iron_golem":2,"minecraft:creeper":1,"minecraft:sheep":6,"nethertitan:arambulo_verde":4,"minecraft:donkey":1,"minecraft:zombie":33,"minecraft:blaze":10,"minecraft:enderman":4,"minecraft:cow":7,"nethertitan:arambulo_morado":8},"minecraft:used":{"minecraft:stone_sword":25,"minecraft:enchanting_table":2,"minecraft:flint_and_steel":2,"minecraft:shield":88,"minecraft:iron_sword":150,"minecraft:netherrack":204,"minecraft:torch":13,"minecraft:dirt":16,"minecraft:anvil":1,"minecraft:tuff":3,"minecraft:snowball":3,"minecraft:lava_bucket":8,"minecraft:chipped_anvil":2,"minecraft:iron_axe":42,"minecraft:totem_of_undying":2,"minecraft:bow":162,"minecraft:furnace":6,"minecraft:cooked_beef":113,"minecraft:enchanted_golden_apple":1,"minecraft:cobbled_deepslate":271,"minecraft:water_bucket":52,"minecraft:damaged_anvil":4,"minecraft:diamond_boots":1,"minecraft:stone_pickaxe":131,"minecraft:oak_planks":4,"minecraft:ender_pearl":1,"minecraft:wooden_pickaxe":10,"minecraft:sugar_cane":7,"minecraft:golden_apple":17,"minecraft:crafting_table":18,"minecraft:spruce_log":2,"minecraft:diamond_pickaxe":2678,"minecraft:iron_pickaxe":250,"minecraft:gravel":25,"minecraft:stone_axe":55,"minecraft:diamond_sword":375,"minecraft:cobblestone":127,"minecraft:bucket":61,"minecraft:oak_boat":1},"minecraft:custom":{"minecraft:interact_with_anvil":8,"minecraft:mob_kills":134,"minecraft:interact_with_crafting_table":45,"minecraft:leave_game":6,"minecraft:time_since_death":97523,"minecraft:damage_resisted":113,"minecraft:sprint_one_cm":890271,"minecraft:walk_one_cm":650739,"minecraft:damage_blocked_by_shield":6280,"minecraft:drop":127,"minecraft:damage_dealt_absorbed":1336,"minecraft:talked_to_villager":19,"minecraft:play_time":376703,"minecraft:deaths":13,"minecraft:sneak_time":47334,"minecraft:walk_under_water_one_cm":17475,"minecraft:boat_one_cm":51113,"minecraft:jump":5252,"minecraft:enchant_item":7,"minecraft:walk_on_water_one_cm":44027,"minecraft:total_world_time":376703,"minecraft:interact_with_furnace":38,"minecraft:traded_with_villager":1,"minecraft:time_since_rest":97531,"minecraft:damage_absorbed":775,"minecraft:damage_taken":14435,"minecraft:damage_dealt":32382,"minecraft:player_kills":3,"minecraft:swim_one_cm":85866,"minecraft:fly_one_cm":824697,"minecraft:open_chest":9,"minecraft:crouch_one_cm":133180,"minecraft:fall_one_cm":111977,"minecraft:horse_one_cm":31102},"minecraft:picked_up":{"minecraft:crafting_table":13,"nethertitan:arambulo_pata_2":16,"minecraft:creeper_head":1,"minecraft:wither_rose":2,"nethertitan:arambulo_pata_3":30,"minecraft:amethyst_block":19,"minecraft:string":60,"minecraft:blackstone":64,"minecraft:gold_nugget":134,"minecraft:cobbled_deepslate":606,"minecraft:beef":12,"minecraft:oak_boat":1,"minecraft:calcite":16,"minecraft:poppy":4,"minecraft:enchanted_golden_apple":2,"minecraft:sugar_cane":35,"minecraft:furnace":4,"minecraft:egg":1,"minecraft:stick":7,"minecraft:raw_iron":72,"minecraft:porkchop":16,"minecraft:diorite":14,"nethertitan:arambulo_pata":10,"minecraft:arrow":207,"minecraft:rotten_flesh":47,"minecraft:gold_ingot":5,"minecraft:blaze_rod":5,"minecraft:obsidian":5,"minecraft:mutton":10,"minecraft:snowball":3,"minecraft:rail":2,"minecraft:white_wool":2,"minecraft:cobblestone":176,"minecraft:enchanting_table":2,"minecraft:magma_block":14,"minecraft:glow_ink_sac":1,"minecraft:andesite":17,"minecraft:leather":4,"minecraft:potato":1,"minecraft:flint":3,"minecraft:tuff":73,"minecraft:oak_log":30,"minecraft:ancient_debris":22,"minecraft:gunpowder":2,"minecraft:lapis_lazuli":44,"minecraft:dirt":39,"minecraft:podzol":64,"minecraft:bone":13,"minecraft:chipped_anvil":2,"minecraft:bow":3,"minecraft:raw_gold":16,"minecraft:iron_ingot":14,"minecraft:oak_planks":42,"minecraft:smooth_basalt":7,"minecraft:sweet_berries":2,"minecraft:quartz":20,"minecraft:raw_iron_block":1,"minecraft:gravel":53,"minecraft:amethyst_shard":2,"minecraft:spruce_sapling":3,"minecraft:spruce_log":70,"minecraft:spider_eye":3,"minecraft:pumpkin_seeds":3,"minecraft:diamond":81,"minecraft:granite":8,"minecraft:diamond_pickaxe":1,"minecraft:golden_apple":8,"minecraft:gray_wool":1,"minecraft:emerald":8,"minecraft:oak_sapling":2,"minecraft:damaged_anvil":4,"minecraft:netherrack":900,"minecraft:nether_star":2,"minecraft:ender_pearl":1},"minecraft:mined":{"minecraft:nether_gold_ore":36,"minecraft:diamond_ore":1,"minecraft:tuff":76,"minecraft:deepslate_diamond_ore":81,"minecraft:obsidian":5,"minecraft:budding_amethyst":3,"minecraft:granite":20,"minecraft:grass_block":12,"minecraft:spawner":3,"minecraft:magma_block":15,"minecraft:raw_iron_block":1,"minecraft:furnace":4,"minecraft:iron_ore":65,"minecraft:cobbled_deepslate":33,"minecraft:andesite":19,"minecraft:deepslate_lapis_ore":6,"minecraft:enchanting_table":2,"minecraft:deepslate_iron_ore":4,"minecraft:rail":1,"minecraft:stone":140,"minecraft:deepslate_redstone_ore":2,"minecraft:blackstone":75,"minecraft:crafting_table":13,"minecraft:calcite":20,"minecraft:nether_quartz_ore":27,"minecraft:cobblestone":30,"minecraft:deepslate_gold_ore":8,"minecraft:lapis_ore":1,"minecraft:oak_planks":5,"minecraft:sugar_cane":22,"minecraft:damaged_anvil":3,"minecraft:diorite":14,"minecraft:amethyst_block":22,"minecraft:sweet_berry_bush":1,"minecraft:spruce_log":34,"minecraft:birch_leaves":5,"minecraft:grass":8,"minecraft:oak_log":28,"minecraft:coal_ore":2,"minecraft:gravel":60,"minecraft:dirt":27,"minecraft:cobweb":55,"minecraft:smooth_basalt":7,"minecraft:ancient_debris":22,"minecraft:netherrack":1646,"minecraft:gold_ore":8,"minecraft:chipped_anvil":2,"minecraft:oak_leaves":10,"minecraft:deepslate":606}},"DataVersion":2975}