{"stats":{"minecraft:picked_up":{"minecraft:crafting_table":5,"minecraft:glow_ink_sac":1,"minecraft:flint":2,"minecraft:tuff":54,"minecraft:oak_log":28,"minecraft:string":52,"minecraft:dirt":19,"minecraft:bone":2,"minecraft:cobbled_deepslate":165,"minecraft:raw_gold":8,"minecraft:oak_planks":19,"minecraft:furnace":2,"minecraft:raw_iron":32,"minecraft:stick":1,"minecraft:gravel":21,"minecraft:diorite":12,"minecraft:arrow":3,"minecraft:rotten_flesh":1,"minecraft:diamond":16,"minecraft:oak_sapling":1,"minecraft:mutton":1,"minecraft:white_wool":1,"minecraft:rail":2,"minecraft:cobblestone":57,"minecraft:ender_pearl":1},"minecraft:used":{"minecraft:stone_sword":25,"minecraft:stone_pickaxe":111,"minecraft:oak_planks":4,"minecraft:shield":6,"minecraft:wooden_pickaxe":10,"minecraft:iron_sword":61,"minecraft:dirt":16,"minecraft:crafting_table":6,"minecraft:diamond_pickaxe":31,"minecraft:iron_pickaxe":250,"minecraft:stone_axe":35,"minecraft:cobblestone":34,"minecraft:furnace":2,"minecraft:cooked_beef":6},"minecraft:broken":{"minecraft:iron_pickaxe":1},"minecraft:custom":{"minecraft:interact_with_furnace":20,"minecraft:mob_kills":10,"minecraft:interact_with_crafting_table":15,"minecraft:leave_game":2,"minecraft:time_since_death":56444,"minecraft:time_since_rest":56444,"minecraft:sprint_one_cm":98123,"minecraft:damage_taken":356,"minecraft:walk_one_cm":54788,"minecraft:damage_blocked_by_shield":195,"minecraft:drop":12,"minecraft:damage_dealt":1807,"minecraft:swim_one_cm":6360,"minecraft:fly_one_cm":27661,"minecraft:crouch_one_cm":21174,"minecraft:play_time":56444,"minecraft:sneak_time":9411,"minecraft:walk_under_water_one_cm":312,"minecraft:jump":322,"minecraft:walk_on_water_one_cm":1853,"minecraft:total_world_time":56444,"minecraft:fall_one_cm":4223},"minecraft:crafted":{"minecraft:wooden_sword":1,"minecraft:oak_planks":112,"minecraft:crafting_table":1,"minecraft:wooden_pickaxe":1,"minecraft:iron_helmet":1,"minecraft:iron_sword":1,"minecraft:furnace":1,"minecraft:stone_axe":1,"minecraft:air":0,"minecraft:iron_boots":1,"minecraft:iron_chestplate":1,"minecraft:diamond_pickaxe":1,"minecraft:shield":1,"minecraft:stick":12,"minecraft:iron_ingot":32,"minecraft:iron_pickaxe":1,"minecraft:stone_pickaxe":1,"minecraft:stone_sword":1,"minecraft:iron_leggings":1,"minecraft:diamond_chestplate":1},"minecraft:mined":{"minecraft:deepslate_redstone_ore":2,"minecraft:tuff":57,"minecraft:deepslate_diamond_ore":16,"minecraft:crafting_table":5,"minecraft:grass_block":5,"minecraft:cobblestone":16,"minecraft:deepslate_gold_ore":8,"minecraft:oak_planks":5,"minecraft:diorite":12,"minecraft:spawner":2,"minecraft:furnace":2,"minecraft:iron_ore":32,"minecraft:grass":1,"minecraft:oak_log":28,"minecraft:rail":1,"minecraft:gravel":23,"minecraft:dirt":14,"minecraft:cobweb":51,"minecraft:stone":36,"minecraft:oak_leaves":2,"minecraft:deepslate":189},"minecraft:dropped":{"minecraft:glow_ink_sac":1,"minecraft:stone_sword":1,"minecraft:cobbled_deepslate":69,"minecraft:rotten_flesh":1,"minecraft:rail":2,"minecraft:oak_sapling":1,"minecraft:wooden_sword":1,"minecraft:arrow":3,"minecraft:string":52,"minecraft:white_wool":1,"minecraft:bone":2},"minecraft:killed":{"minecraft:cave_spider":3,"minecraft:sheep":1,"minecraft:skeleton":3,"minecraft:zombie":1,"minecraft:enderman":2}},"DataVersion":2975}