{"stats":{"minecraft:picked_up":{"minecraft:crafting_table":4,"minecraft:stick":1,"minecraft:raw_iron":32,"minecraft:gravel":1,"minecraft:oak_log":28,"minecraft:diorite":12,"minecraft:dirt":19,"minecraft:arrow":2,"minecraft:rotten_flesh":1,"minecraft:cobbled_deepslate":1,"minecraft:oak_sapling":1,"minecraft:mutton":1,"minecraft:oak_planks":18,"minecraft:ender_pearl":1,"minecraft:white_wool":1,"minecraft:cobblestone":45,"minecraft:furnace":2},"minecraft:used":{"minecraft:stone_sword":25,"minecraft:stone_pickaxe":79,"minecraft:oak_planks":4,"minecraft:iron_pickaxe":5,"minecraft:wooden_pickaxe":10,"minecraft:shield":5,"minecraft:stone_axe":33,"minecraft:dirt":16,"minecraft:cobblestone":5,"minecraft:crafting_table":4,"minecraft:furnace":2,"minecraft:cooked_beef":4},"minecraft:crafted":{"minecraft:wooden_sword":1,"minecraft:oak_planks":112,"minecraft:iron_chestplate":1,"minecraft:iron_boots":1,"minecraft:shield":1,"minecraft:crafting_table":1,"minecraft:stick":12,"minecraft:iron_helmet":1,"minecraft:wooden_pickaxe":1,"minecraft:iron_ingot":32,"minecraft:iron_pickaxe":1,"minecraft:stone_pickaxe":1,"minecraft:stone_sword":1,"minecraft:iron_sword":1,"minecraft:iron_leggings":1,"minecraft:furnace":1,"minecraft:stone_axe":1,"minecraft:air":0},"minecraft:custom":{"minecraft:time_since_rest":32444,"minecraft:interact_with_furnace":20,"minecraft:sprint_one_cm":39451,"minecraft:damage_taken":238,"minecraft:walk_one_cm":31841,"minecraft:damage_blocked_by_shield":175,"minecraft:mob_kills":6,"minecraft:damage_dealt":1336,"minecraft:swim_one_cm":6360,"minecraft:interact_with_crafting_table":12,"minecraft:fly_one_cm":21936,"minecraft:crouch_one_cm":6266,"minecraft:play_time":32444,"minecraft:sneak_time":3032,"minecraft:walk_under_water_one_cm":312,"minecraft:jump":215,"minecraft:leave_game":2,"minecraft:time_since_death":32444,"minecraft:walk_on_water_one_cm":1853,"minecraft:total_world_time":32444,"minecraft:fall_one_cm":3954},"minecraft:mined":{"minecraft:furnace":2,"minecraft:iron_ore":32,"minecraft:crafting_table":4,"minecraft:grass":1,"minecraft:grass_block":5,"minecraft:oak_log":28,"minecraft:gravel":1,"minecraft:dirt":14,"minecraft:cobblestone":4,"minecraft:stone":36,"minecraft:oak_planks":4,"minecraft:diorite":12,"minecraft:oak_leaves":2,"minecraft:deepslate":1},"minecraft:killed":{"minecraft:skeleton":2,"minecraft:sheep":1,"minecraft:zombie":1,"minecraft:enderman":2}},"DataVersion":2975}