{"stats":{"minecraft:dropped":{"minecraft:leather_chestplate":1,"minecraft:stone_axe":1,"minecraft:shield":1,"minecraft:cooked_beef":64,"minecraft:stone_sword":1,"minecraft:torch":1,"minecraft:skeleton_skull":1,"minecraft:dripstone_block":23,"minecraft:leather_boots":1,"minecraft:cobblestone":16,"minecraft:leather_leggings":1,"minecraft:villager_spawn_egg":1,"minecraft:arrow":2,"minecraft:stone_pickaxe":1,"minecraft:leather_helmet":1,"minecraft:bone":2},"minecraft:killed":{"minecraft:spider":1,"reviil:r_eviil":3,"minecraft:creeper":2},"minecraft:used":{"minecraft:creeper_spawn_egg":12,"minecraft:writable_book":2,"espada_celestial:espada_celestial":237,"minecraft:flint_and_steel":3,"reviil:r_eviil_spawn_egg":3,"minecraft:oak_sign":1,"minecraft:redstone_block":3,"minecraft:podzol":6},"minecraft:picked_up":{"minecraft:dripstone_block":23,"d_remake_mod:deditas":1,"minecraft:gunpowder":2,"minecraft:dirt":21,"minecraft:arrow":2,"minecraft:bone":2,"minecraft:golden_apple":1,"minecraft:enchanted_golden_apple":1,"minecraft:skeleton_skull":1,"minecraft:cobblestone":16},"minecraft:custom":{"minecraft:time_since_rest":70065,"minecraft:sprint_one_cm":52899,"minecraft:damage_taken":217,"minecraft:walk_one_cm":48722,"minecraft:mob_kills":6,"minecraft:drop":16,"minecraft:damage_dealt":31473,"minecraft:talked_to_villager":2,"minecraft:fly_one_cm":282060,"minecraft:crouch_one_cm":2290,"minecraft:play_time":70065,"minecraft:sneak_time":1297,"minecraft:jump":450,"minecraft:leave_game":1,"minecraft:time_since_death":70065,"minecraft:walk_on_water_one_cm":174,"minecraft:total_world_time":70065,"minecraft:fall_one_cm":1033}},"DataVersion":2975}