{"stats":{"minecraft:dropped":{"minecraft:leather_chestplate":1,"minecraft:stone_axe":1,"minecraft:shield":2,"d_remake_mod:deditas":2,"minecraft:cooked_beef":64,"minecraft:stone_sword":1,"minecraft:torch":3,"minecraft:skeleton_skull":1,"minecraft:dripstone_block":23,"minecraft:leather_boots":1,"minecraft:cobblestone":16,"minecraft:leather_leggings":1,"minecraft:villager_spawn_egg":7,"minecraft:arrow":2,"minecraft:stone_pickaxe":1,"minecraft:totem_of_undying":1,"minecraft:leather_helmet":1,"minecraft:bone":2},"minecraft:killed":{"minecraft:spider":1,"minecraft:villager":5,"reviil:r_eviil":3,"minecraft:creeper":2},"minecraft:used":{"minecraft:creeper_spawn_egg":12,"minecraft:lever":1,"minecraft:writable_book":3,"espada_celestial:espada_celestial":253,"minecraft:command_block":6,"minecraft:dark_oak_log":9,"minecraft:flint_and_steel":3,"reviil:r_eviil_spawn_egg":3,"minecraft:oak_planks":16,"minecraft:oak_sign":2,"minecraft:redstone_block":17,"minecraft:spruce_sapling":24,"minecraft:golden_apple":1,"minecraft:diamond_sword":1,"minecraft:oak_slab":66,"minecraft:podzol":51,"minecraft:bone_meal":81},"minecraft:picked_up":{"minecraft:torch":1,"minecraft:dripstone_block":23,"minecraft:villager_spawn_egg":4,"d_remake_mod:deditas":7,"minecraft:shield":1,"minecraft:gunpowder":2,"minecraft:dirt":21,"minecraft:bone":2,"minecraft:arrow":2,"minecraft:golden_apple":1,"minecraft:totem_of_undying":1,"minecraft:enchanted_golden_apple":1,"minecraft:skeleton_skull":1,"minecraft:cobblestone":16},"minecraft:custom":{"minecraft:time_since_rest":3899,"minecraft:sprint_one_cm":108773,"minecraft:damage_taken":2007,"minecraft:walk_one_cm":108853,"minecraft:mob_kills":11,"minecraft:drop":28,"minecraft:damage_dealt":32694,"minecraft:talked_to_villager":7,"minecraft:fly_one_cm":401875,"minecraft:crouch_one_cm":4971,"minecraft:play_time":116369,"minecraft:deaths":6,"minecraft:sneak_time":2782,"minecraft:jump":743,"minecraft:leave_game":4,"minecraft:time_since_death":3790,"minecraft:walk_on_water_one_cm":174,"minecraft:total_world_time":116369,"minecraft:fall_one_cm":26731}},"DataVersion":2975}