{"stats":{"minecraft:dropped":{"minecraft:gravel":2,"minecraft:stone_axe":1,"d_remake_mod:deditas":2,"minecraft:cooked_beef":64,"minecraft:stone_sword":1,"minecraft:cobbled_deepslate":17,"minecraft:ender_pearl":1,"minecraft:tuff":4,"minecraft:dripstone_block":23,"minecraft:diamond_leggings":1,"minecraft:cobblestone":24,"minecraft:villager_spawn_egg":7,"minecraft:totem_of_undying":6,"minecraft:leather_helmet":1,"minecraft:golden_apple":27,"nethertitan:arambulo_pata_3":238,"minecraft:leather_chestplate":1,"minecraft:shield":2,"minecraft:torch":3,"minecraft:skeleton_skull":1,"nethertitan:arambulo_pata_2":60,"minecraft:leather_boots":1,"minecraft:leather_leggings":1,"minecraft:diamond_boots":1,"minecraft:arrow":2,"minecraft:stone_pickaxe":1,"minecraft:calcite":2,"minecraft:fermented_spider_eye":1,"minecraft:bone":2},"minecraft:killed_by":{"nethertitan:arambulo_morado":1},"minecraft:killed":{"minecraft:spider":1,"minecraft:creeper":2,"minecraft:villager":5,"reviil:r_eviil":3,"nethertitan:arambulo_morado":10},"minecraft:used":{"minecraft:water_bucket":16,"minecraft:writable_book":3,"espada_celestial:espada_celestial":253,"minecraft:polished_deepslate":1,"minecraft:flint_and_steel":3,"reviil:r_eviil_spawn_egg":3,"minecraft:oak_planks":16,"minecraft:oak_sign":2,"minecraft:ender_pearl":23,"minecraft:stone":6,"minecraft:redstone_block":17,"minecraft:golden_apple":21,"minecraft:oak_slab":66,"nethertitan:arambulo_morado_spawn_egg":64,"minecraft:tuff":3,"minecraft:creeper_spawn_egg":12,"minecraft:lever":1,"minecraft:diamond_pickaxe":81,"minecraft:lava_bucket":4,"minecraft:dark_oak_log":9,"minecraft:command_block":6,"espada_celestial:espada_belica":36,"minecraft:deepslate":4,"minecraft:spruce_sapling":24,"minecraft:totem_of_undying":10,"minecraft:diamond_sword":1,"minecraft:bow":73,"minecraft:podzol":51,"minecraft:bucket":15,"minecraft:cobbled_deepslate":15,"minecraft:bone_meal":81},"minecraft:custom":{"minecraft:mob_kills":21,"minecraft:leave_game":6,"minecraft:time_since_death":9916,"minecraft:time_since_rest":9920,"minecraft:walk_one_cm":174630,"minecraft:sprint_one_cm":195270,"minecraft:damage_taken":7063,"minecraft:damage_absorbed":953,"minecraft:drop":105,"minecraft:damage_dealt":35373,"minecraft:damage_dealt_absorbed":93,"minecraft:talked_to_villager":8,"minecraft:swim_one_cm":7165,"minecraft:fly_one_cm":550924,"minecraft:open_chest":11,"minecraft:crouch_one_cm":9839,"minecraft:play_time":165601,"minecraft:deaths":9,"minecraft:sneak_time":6151,"minecraft:walk_under_water_one_cm":29032,"minecraft:jump":1170,"minecraft:walk_on_water_one_cm":2529,"minecraft:total_world_time":165601,"minecraft:fall_one_cm":60626},"minecraft:picked_up":{"nethertitan:arambulo_pata_2":40,"minecraft:tuff":5,"nethertitan:arambulo_pata_3":230,"minecraft:shield":1,"minecraft:gunpowder":2,"minecraft:dirt":21,"minecraft:bone":2,"minecraft:cobbled_deepslate":88,"minecraft:calcite":2,"minecraft:enchanted_golden_apple":1,"minecraft:torch":1,"minecraft:dripstone_block":23,"minecraft:gravel":2,"minecraft:villager_spawn_egg":4,"d_remake_mod:deditas":7,"minecraft:fermented_spider_eye":1,"minecraft:arrow":2,"minecraft:golden_apple":1,"minecraft:totem_of_undying":3,"minecraft:skeleton_skull":1,"minecraft:cobblestone":24},"minecraft:mined":{"minecraft:tuff":1,"minecraft:calcite":2,"minecraft:wall_torch":1,"minecraft:fire":3,"minecraft:cobbled_deepslate":6,"minecraft:stone":4,"minecraft:deepslate":66}},"DataVersion":2975}