{"stats":{"minecraft:dropped":{"minecraft:cobblestone":16,"minecraft:arrow":2,"minecraft:skeleton_skull":1,"minecraft:dripstone_block":23,"minecraft:bone":2},"minecraft:killed":{"minecraft:spider":1,"minecraft:creeper":2,"reviil:r_eviil":2},"minecraft:used":{"minecraft:creeper_spawn_egg":12,"minecraft:writable_book":2,"espada_celestial:espada_celestial":159,"minecraft:flint_and_steel":3,"reviil:r_eviil_spawn_egg":3,"minecraft:oak_sign":1},"minecraft:picked_up":{"minecraft:bone":2,"minecraft:arrow":2,"minecraft:dripstone_block":23,"minecraft:gunpowder":2,"minecraft:skeleton_skull":1,"minecraft:dirt":21,"minecraft:cobblestone":16},"minecraft:custom":{"minecraft:time_since_rest":52065,"minecraft:crouch_one_cm":986,"minecraft:play_time":52065,"minecraft:sprint_one_cm":37291,"minecraft:walk_one_cm":37717,"minecraft:sneak_time":689,"minecraft:mob_kills":5,"minecraft:drop":5,"minecraft:jump":336,"minecraft:damage_dealt":21021,"minecraft:leave_game":1,"minecraft:time_since_death":52065,"minecraft:total_world_time":52065,"minecraft:talked_to_villager":2,"minecraft:fly_one_cm":195883}},"DataVersion":2975}