{"stats":{"minecraft:killed_by":{"nethertitan:arambulo":1,"minecraft:player":3,"nethertitan:arambulo_verde":1,"minecraft:creeper":1,"nethertitan:arambulo_morado":1},"minecraft:picked_up":{"nethertitan:arambulo_pata_2":2,"minecraft:crafting_table":5,"minecraft:cooked_beef":12,"minecraft:andesite":1,"minecraft:flint":1,"minecraft:oak_log":13,"minecraft:shield":1,"minecraft:dirt":6,"minecraft:gold_nugget":1,"minecraft:cobbled_deepslate":58,"minecraft:furnace":2,"minecraft:raw_iron":17,"minecraft:torch":9,"minecraft:gravel":13,"minecraft:diorite":16,"minecraft:spruce_log":6,"nethertitan:arambulo_pata":2,"minecraft:rotten_flesh":4,"minecraft:diamond":10,"minecraft:granite":26,"minecraft:gold_ingot":1,"minecraft:oak_sapling":1,"minecraft:mutton":1,"minecraft:white_wool":1,"minecraft:cobblestone":112},"minecraft:custom":{"minecraft:interact_with_furnace":10,"minecraft:mob_kills":7,"minecraft:interact_with_crafting_table":16,"minecraft:leave_game":3,"minecraft:time_since_death":9478,"minecraft:time_since_rest":9486,"minecraft:damage_absorbed":80,"minecraft:sprint_one_cm":158188,"minecraft:open_enderchest":2,"minecraft:damage_taken":4927,"minecraft:walk_one_cm":204358,"minecraft:drop":15,"minecraft:damage_dealt":2521,"minecraft:damage_dealt_absorbed":6,"minecraft:swim_one_cm":51152,"minecraft:talked_to_villager":8,"minecraft:fly_one_cm":390782,"minecraft:player_kills":2,"minecraft:open_chest":16,"minecraft:crouch_one_cm":62189,"minecraft:play_time":108931,"minecraft:deaths":11,"minecraft:sneak_time":29568,"minecraft:walk_under_water_one_cm":25660,"minecraft:boat_one_cm":37954,"minecraft:jump":1641,"minecraft:walk_on_water_one_cm":7922,"minecraft:total_world_time":108931,"minecraft:fall_one_cm":68528},"minecraft:dropped":{"minecraft:cooked_beef":4,"minecraft:stone_sword":1,"minecraft:rotten_flesh":4,"minecraft:flint":1,"minecraft:dirt":1,"minecraft:shield":1,"minecraft:oak_sapling":1,"minecraft:gold_nugget":1,"minecraft:stone_pickaxe":1},"minecraft:mined":{"minecraft:diamond_ore":1,"minecraft:deepslate_diamond_ore":9,"minecraft:crafting_table":5,"minecraft:torch":6,"minecraft:granite":26,"minecraft:grass_block":2,"minecraft:cobblestone":2,"minecraft:spruce_leaves":2,"minecraft:diorite":16,"minecraft:wall_torch":2,"minecraft:furnace":2,"minecraft:iron_ore":14,"minecraft:spruce_log":6,"minecraft:andesite":1,"minecraft:oak_log":13,"minecraft:gravel":14,"minecraft:dirt":3,"minecraft:stone":110,"minecraft:oak_leaves":2,"minecraft:fern":1,"minecraft:deepslate":58},"minecraft:used":{"minecraft:stone_sword":21,"minecraft:stone_pickaxe":106,"minecraft:oak_planks":1,"minecraft:wooden_pickaxe":16,"minecraft:torch":8,"minecraft:dirt":2,"minecraft:crafting_table":5,"minecraft:spruce_boat":1,"minecraft:iron_pickaxe":125,"minecraft:totem_of_undying":1,"minecraft:stone_axe":16,"minecraft:wooden_sword":5,"minecraft:diamond_sword":29,"minecraft:cobblestone":18,"minecraft:furnace":2,"minecraft:cooked_beef":26,"minecraft:cobbled_deepslate":24},"minecraft:crafted":{"minecraft:wooden_sword":1,"minecraft:oak_planks":28,"minecraft:diamond_sword":1,"minecraft:crafting_table":1,"minecraft:spruce_planks":12,"minecraft:wooden_pickaxe":1,"minecraft:furnace":1,"minecraft:stone_axe":1,"minecraft:air":0,"minecraft:iron_boots":1,"minecraft:charcoal":2,"minecraft:stick":12,"minecraft:iron_ingot":14,"minecraft:iron_pickaxe":1,"minecraft:stone_pickaxe":1,"minecraft:stone_sword":1,"minecraft:iron_leggings":1,"minecraft:spruce_boat":1,"minecraft:diamond_chestplate":1},"minecraft:killed":{"minecraft:zombified_piglin":2,"minecraft:sheep":1,"nethertitan:arambulo_verde":1,"minecraft:zombie":3}},"DataVersion":2975}