{"stats":{"minecraft:crafted":{"minecraft:wooden_sword":1,"minecraft:oak_planks":28,"minecraft:crafting_table":1,"minecraft:stick":8,"minecraft:wooden_pickaxe":1,"minecraft:stone_pickaxe":1,"minecraft:stone_sword":1,"minecraft:stone_axe":1},"minecraft:used":{"minecraft:stone_sword":8,"minecraft:stone_pickaxe":104,"minecraft:oak_planks":1,"minecraft:wooden_pickaxe":16,"minecraft:stone_axe":7,"minecraft:torch":2,"minecraft:wooden_sword":5,"minecraft:dirt":2,"minecraft:cobblestone":4,"minecraft:crafting_table":2,"minecraft:cooked_beef":5},"minecraft:custom":{"minecraft:time_since_rest":34156,"minecraft:sprint_one_cm":33965,"minecraft:open_enderchest":2,"minecraft:damage_taken":400,"minecraft:walk_one_cm":55257,"minecraft:drop":3,"minecraft:damage_dealt":575,"minecraft:damage_dealt_absorbed":6,"minecraft:swim_one_cm":1862,"minecraft:interact_with_crafting_table":6,"minecraft:fly_one_cm":51554,"minecraft:player_kills":1,"minecraft:crouch_one_cm":17852,"minecraft:play_time":34156,"minecraft:sneak_time":10035,"minecraft:walk_under_water_one_cm":139,"minecraft:jump":314,"minecraft:leave_game":2,"minecraft:walk_on_water_one_cm":55,"minecraft:time_since_death":34156,"minecraft:total_world_time":34156,"minecraft:fall_one_cm":8842},"minecraft:mined":{"minecraft:iron_ore":6,"minecraft:spruce_log":6,"minecraft:andesite":1,"minecraft:torch":1,"minecraft:crafting_table":2,"minecraft:grass_block":2,"minecraft:oak_log":7,"minecraft:dirt":3,"minecraft:spruce_leaves":2,"minecraft:stone":102,"minecraft:diorite":9,"minecraft:oak_leaves":2,"minecraft:wall_torch":1},"minecraft:dropped":{"minecraft:dirt":1,"minecraft:shield":1,"minecraft:oak_sapling":1},"minecraft:picked_up":{"minecraft:raw_iron":6,"minecraft:crafting_table":2,"minecraft:andesite":1,"minecraft:torch":3,"minecraft:oak_log":7,"minecraft:diorite":9,"minecraft:spruce_log":6,"minecraft:shield":1,"minecraft:dirt":6,"minecraft:oak_sapling":1,"minecraft:cobblestone":102}},"DataVersion":2975}