{"stats":{"minecraft:crafted":{"minecraft:cooked_beef":5,"minecraft:oak_planks":20,"minecraft:stone_shovel":1,"minecraft:crafting_table":3,"minecraft:spruce_planks":8,"minecraft:wooden_pickaxe":1,"minecraft:birch_boat":1,"minecraft:spruce_door":3,"minecraft:furnace":2,"minecraft:birch_planks":24,"minecraft:stone_axe":1,"minecraft:air":0,"minecraft:iron_chestplate":1,"minecraft:stick":36,"minecraft:iron_ingot":12,"minecraft:iron_pickaxe":1,"minecraft:stone_pickaxe":1,"minecraft:wooden_axe":1,"minecraft:gold_ingot":9,"minecraft:torch":8},"minecraft:picked_up":{"minecraft:birch_log":6,"minecraft:crafting_table":5,"minecraft:feather":10,"minecraft:chicken":8,"minecraft:clay_ball":4,"minecraft:andesite":4,"minecraft:leather":5,"minecraft:brown_wool":1,"minecraft:gold_block":1,"minecraft:oak_log":5,"minecraft:string":6,"minecraft:dirt":1,"minecraft:bone":1,"minecraft:beef":21,"minecraft:sugar_cane":24,"minecraft:furnace":2,"minecraft:egg":1,"minecraft:raw_iron":12,"minecraft:stick":2,"minecraft:birch_boat":4,"minecraft:gravel":4,"minecraft:porkchop":5,"minecraft:diorite":7,"minecraft:spruce_log":2,"minecraft:spruce_door":1,"minecraft:spider_eye":1,"minecraft:arrow":2,"minecraft:bread":64,"minecraft:black_wool":1,"minecraft:glow_berries":1,"minecraft:mutton":13,"minecraft:coal":73,"minecraft:white_wool":5,"minecraft:cobblestone":35},"minecraft:killed":{"minecraft:pig":3,"minecraft:spider":3,"minecraft:sheep":7,"minecraft:skeleton":1,"minecraft:zombie":2,"minecraft:chicken":8,"minecraft:cow":7},"minecraft:broken":{"minecraft:wooden_axe":1},"minecraft:used":{"minecraft:spruce_door":2,"minecraft:birch_planks":5,"minecraft:stone_shovel":4,"minecraft:stone_pickaxe":60,"minecraft:wooden_pickaxe":3,"minecraft:birch_boat":4,"minecraft:cooked_salmon":3,"minecraft:dirt":1,"minecraft:crafting_table":7,"minecraft:wooden_axe":33,"minecraft:black_wool":1,"minecraft:bread":18,"minecraft:brown_wool":1,"minecraft:iron_pickaxe":38,"minecraft:gravel":4,"minecraft:stone_axe":16,"minecraft:cobblestone":9,"minecraft:furnace":2,"minecraft:egg":1,"minecraft:experience_bottle":1},"minecraft:custom":{"minecraft:interact_with_furnace":18,"minecraft:mob_kills":31,"minecraft:interact_with_crafting_table":17,"minecraft:leave_game":1,"minecraft:time_since_death":41000,"minecraft:time_since_rest":41000,"minecraft:sprint_one_cm":146778,"minecraft:damage_taken":725,"minecraft:walk_one_cm":45827,"minecraft:drop":19,"minecraft:damage_dealt":3172,"minecraft:swim_one_cm":49757,"minecraft:fly_one_cm":221064,"minecraft:open_chest":5,"minecraft:crouch_one_cm":5956,"minecraft:play_time":41000,"minecraft:sneak_time":2365,"minecraft:walk_under_water_one_cm":5751,"minecraft:boat_one_cm":190299,"minecraft:jump":1003,"minecraft:walk_on_water_one_cm":5564,"minecraft:total_world_time":41000,"minecraft:fall_one_cm":24109},"minecraft:mined":{"minecraft:spruce_door":1,"minecraft:clay":1,"minecraft:crafting_table":5,"minecraft:cave_vines_plant":1,"minecraft:grass_block":1,"minecraft:cobblestone":1,"minecraft:spruce_leaves":1,"minecraft:sugar_cane":11,"minecraft:diorite":7,"minecraft:furnace":2,"minecraft:birch_log":6,"minecraft:iron_ore":12,"minecraft:spruce_log":2,"minecraft:andesite":4,"minecraft:gold_block":1,"minecraft:grass":2,"minecraft:oak_log":5,"minecraft:coal_ore":39,"minecraft:cave_vines":1,"minecraft:gravel":4,"minecraft:stone":34},"minecraft:dropped":{"minecraft:bread":30,"minecraft:golden_chestplate":1,"minecraft:stone_shovel":1,"minecraft:feather":10,"minecraft:glow_berries":1,"minecraft:prismarine_crystals":8,"minecraft:clay_ball":4,"minecraft:flint":3,"minecraft:filled_map":1,"minecraft:andesite":4,"minecraft:golden_sword":1,"minecraft:gold_nugget":15,"minecraft:spider_eye":1,"minecraft:heart_of_the_sea":1,"minecraft:wooden_pickaxe":1,"minecraft:white_wool":5}},"DataVersion":2975}