{"stats":{"minecraft:crafted":{"minecraft:oak_planks":20,"minecraft:crafting_table":1,"minecraft:stick":12},"minecraft:picked_up":{"minecraft:bone":1,"minecraft:arrow":2,"minecraft:oak_log":5,"minecraft:bread":64},"minecraft:killed":{"minecraft:skeleton":1},"minecraft:used":{"minecraft:bread":6},"minecraft:custom":{"minecraft:time_since_rest":8304,"minecraft:crouch_one_cm":2036,"minecraft:play_time":8304,"minecraft:sprint_one_cm":35870,"minecraft:walk_one_cm":13831,"minecraft:damage_taken":380,"minecraft:sneak_time":582,"minecraft:mob_kills":1,"minecraft:drop":1,"minecraft:jump":177,"minecraft:damage_dealt":225,"minecraft:time_since_death":8304,"minecraft:total_world_time":8304,"minecraft:fall_one_cm":3458,"minecraft:fly_one_cm":42705},"minecraft:dropped":{"minecraft:bread":30},"minecraft:mined":{"minecraft:grass":1,"minecraft:oak_log":5}},"DataVersion":2975}