{"stats":{"minecraft:crafted":{"minecraft:smooth_stone":3,"minecraft:oak_planks":20,"minecraft:stone_shovel":1,"minecraft:birch_boat":1,"minecraft:cooked_chicken":8,"minecraft:furnace":3,"minecraft:blast_furnace":1,"minecraft:stone":3,"minecraft:cooked_mutton":13,"minecraft:iron_boots":1,"minecraft:stone_pickaxe":1,"minecraft:cooked_beef":13,"minecraft:crafting_table":3,"minecraft:spruce_planks":8,"minecraft:wooden_pickaxe":1,"minecraft:iron_helmet":1,"minecraft:iron_sword":1,"minecraft:spruce_door":3,"minecraft:bucket":1,"minecraft:birch_planks":24,"minecraft:stone_axe":1,"minecraft:air":0,"minecraft:iron_chestplate":1,"minecraft:book":5,"minecraft:paper":24,"minecraft:shield":1,"minecraft:stick":36,"minecraft:iron_ingot":45,"minecraft:iron_pickaxe":2,"minecraft:wooden_axe":1,"minecraft:gold_ingot":9,"minecraft:iron_leggings":1,"minecraft:torch":52},"minecraft:picked_up":{"minecraft:crafting_table":10,"minecraft:chicken":8,"minecraft:clay_ball":4,"minecraft:gold_block":1,"nethertitan:arambulo_pata_3":2,"minecraft:string":6,"minecraft:cobbled_deepslate":37,"minecraft:beef":21,"minecraft:sugar_cane":24,"minecraft:egg":1,"minecraft:furnace":5,"minecraft:stick":2,"minecraft:raw_iron":89,"minecraft:torch":3,"minecraft:porkchop":5,"minecraft:diorite":11,"minecraft:redstone":5,"minecraft:arrow":13,"minecraft:rotten_flesh":8,"minecraft:glow_berries":1,"minecraft:mutton":13,"minecraft:white_wool":5,"minecraft:rail":1,"minecraft:cobblestone":46,"minecraft:birch_log":6,"minecraft:feather":10,"minecraft:glow_ink_sac":1,"minecraft:andesite":4,"minecraft:brown_wool":1,"minecraft:leather":5,"minecraft:tuff":1,"minecraft:oak_log":5,"minecraft:lapis_lazuli":124,"minecraft:dirt":1,"minecraft:bone":11,"minecraft:raw_gold":64,"minecraft:oak_planks":6,"minecraft:birch_boat":5,"minecraft:cooked_porkchop":5,"minecraft:gravel":4,"minecraft:blast_furnace":2,"minecraft:spruce_log":2,"minecraft:spider_eye":2,"minecraft:spruce_door":1,"minecraft:diamond":3,"minecraft:bread":64,"minecraft:black_wool":1,"minecraft:coal":101,"minecraft:ender_pearl":1},"minecraft:killed":{"minecraft:cave_spider":1,"minecraft:spider":3,"minecraft:skeleton":8,"minecraft:chicken":8,"minecraft:pig":3,"minecraft:sheep":7,"minecraft:zombie":11,"minecraft:enderman":1,"minecraft:cow":7,"nethertitan:arambulo_morado":2},"minecraft:broken":{"minecraft:wooden_axe":1},"minecraft:used":{"minecraft:stone_shovel":4,"minecraft:shield":7,"minecraft:iron_sword":72,"minecraft:cooked_salmon":4,"minecraft:cooked_chicken":4,"minecraft:torch":38,"minecraft:dirt":1,"minecraft:tuff":1,"minecraft:wooden_axe":33,"minecraft:lava_bucket":1,"minecraft:iron_helmet":1,"minecraft:furnace":5,"minecraft:cooked_cod":3,"minecraft:egg":1,"minecraft:cobbled_deepslate":34,"minecraft:water_bucket":16,"minecraft:diorite":11,"minecraft:spruce_door":2,"minecraft:birch_planks":5,"minecraft:stone_pickaxe":60,"minecraft:birch_boat":4,"minecraft:wooden_pickaxe":3,"minecraft:rail":1,"minecraft:crafting_table":11,"minecraft:blast_furnace":2,"minecraft:black_wool":1,"minecraft:bread":18,"minecraft:brown_wool":1,"minecraft:iron_pickaxe":261,"minecraft:gravel":4,"minecraft:stone_axe":28,"minecraft:cobblestone":12,"minecraft:cooked_porkchop":5,"minecraft:bucket":19,"minecraft:experience_bottle":1},"minecraft:custom":{"minecraft:mob_kills":51,"minecraft:interact_with_crafting_table":31,"minecraft:leave_game":2,"minecraft:time_since_death":78187,"minecraft:climb_one_cm":414,"minecraft:sprint_one_cm":303604,"minecraft:walk_one_cm":108652,"minecraft:damage_blocked_by_shield":290,"minecraft:drop":46,"minecraft:play_time":78187,"minecraft:sneak_time":4973,"minecraft:walk_under_water_one_cm":7866,"minecraft:boat_one_cm":190299,"minecraft:jump":1927,"minecraft:interact_with_blast_furnace":14,"minecraft:walk_on_water_one_cm":14255,"minecraft:total_world_time":78187,"minecraft:interact_with_furnace":52,"minecraft:time_since_rest":78187,"minecraft:damage_taken":1197,"minecraft:damage_dealt":7600,"minecraft:fly_one_cm":397062,"minecraft:swim_one_cm":54514,"minecraft:open_chest":8,"minecraft:crouch_one_cm":12341,"minecraft:fall_one_cm":48728},"minecraft:mined":{"minecraft:tuff":1,"minecraft:deepslate_diamond_ore":3,"minecraft:cave_vines_plant":1,"minecraft:grass_block":1,"minecraft:spruce_leaves":1,"minecraft:spawner":1,"minecraft:furnace":5,"minecraft:iron_ore":31,"minecraft:cobbled_deepslate":1,"minecraft:andesite":4,"minecraft:deepslate_lapis_ore":19,"minecraft:gold_block":1,"minecraft:cave_vines":1,"minecraft:deepslate_iron_ore":58,"minecraft:stone":45,"minecraft:deepslate_redstone_ore":1,"minecraft:spruce_door":1,"minecraft:clay":1,"minecraft:crafting_table":10,"minecraft:blast_furnace":2,"minecraft:cobblestone":1,"minecraft:deepslate_gold_ore":56,"minecraft:sugar_cane":11,"minecraft:oak_planks":6,"minecraft:diorite":11,"minecraft:wall_torch":1,"minecraft:birch_log":6,"minecraft:spruce_log":2,"minecraft:grass":2,"minecraft:coal_ore":39,"minecraft:oak_log":5,"minecraft:gravel":4,"minecraft:gold_ore":8,"minecraft:deepslate":36},"minecraft:dropped":{"minecraft:bread":30,"minecraft:glow_ink_sac":1,"minecraft:feather":10,"minecraft:prismarine_crystals":8,"minecraft:glow_berries":1,"minecraft:flint":3,"minecraft:gold_nugget":15,"minecraft:heart_of_the_sea":1,"minecraft:iron_pickaxe":1,"minecraft:white_wool":5,"minecraft:bone":10,"minecraft:redstone":5,"minecraft:golden_chestplate":1,"minecraft:stone_shovel":1,"minecraft:rotten_flesh":8,"minecraft:clay_ball":4,"minecraft:filled_map":1,"minecraft:andesite":4,"minecraft:golden_sword":1,"minecraft:spider_eye":2,"minecraft:birch_boat":2,"minecraft:arrow":12,"minecraft:stone_pickaxe":1,"minecraft:wooden_pickaxe":1}},"DataVersion":2975}