{"stats":{"minecraft:killed_by":{"minecraft:player":4,"minecraft:creeper":1,"nethertitan:arambulo_verde":1},"minecraft:crafted":{"minecraft:oak_door":3,"minecraft:oak_planks":124,"minecraft:furnace":2,"minecraft:iron_boots":1,"minecraft:bow":1,"minecraft:iron_axe":1,"minecraft:stone_pickaxe":1,"minecraft:arrow":8,"minecraft:crafting_table":1,"minecraft:wooden_pickaxe":1,"minecraft:iron_helmet":1,"minecraft:iron_sword":1,"minecraft:stone_axe":1,"minecraft:air":0,"minecraft:shield":1,"minecraft:stick":52,"minecraft:iron_ingot":28,"minecraft:iron_pickaxe":2,"minecraft:stone_sword":1,"minecraft:iron_leggings":1,"minecraft:torch":24},"minecraft:custom":{"minecraft:mob_kills":46,"minecraft:interact_with_crafting_table":26,"minecraft:open_shulker_box":15,"minecraft:leave_game":9,"minecraft:time_since_death":4099,"minecraft:sprint_one_cm":191519,"minecraft:walk_one_cm":236491,"minecraft:damage_blocked_by_shield":1290,"minecraft:drop":407,"minecraft:play_time":152479,"minecraft:deaths":8,"minecraft:sneak_time":7909,"minecraft:walk_under_water_one_cm":32140,"minecraft:jump":2172,"minecraft:walk_on_water_one_cm":34069,"minecraft:total_world_time":152479,"minecraft:interact_with_furnace":27,"minecraft:time_since_rest":4106,"minecraft:damage_taken":4995,"minecraft:damage_dealt":8584,"minecraft:swim_one_cm":30367,"minecraft:fly_one_cm":278071,"minecraft:player_kills":1,"minecraft:open_chest":5,"minecraft:crouch_one_cm":18820,"minecraft:fall_one_cm":69716,"minecraft:horse_one_cm":2676},"minecraft:used":{"minecraft:stone_sword":30,"minecraft:spruce_planks":2,"minecraft:shield":22,"minecraft:stone":45,"minecraft:iron_sword":69,"minecraft:oak_door":6,"minecraft:torch":18,"minecraft:dirt":9,"minecraft:shulker_box":7,"minecraft:iron_axe":6,"minecraft:diamond_chestplate":1,"minecraft:furnace":3,"minecraft:cooked_beef":33,"minecraft:stone_pickaxe":132,"minecraft:oak_planks":101,"minecraft:wooden_pickaxe":20,"minecraft:crafting_table":6,"minecraft:brown_wool":1,"minecraft:iron_pickaxe":158,"minecraft:gravel":16,"minecraft:stone_axe":68,"minecraft:diamond_sword":31,"minecraft:cobblestone":53},"minecraft:broken":{"minecraft:stone_pickaxe":1},"minecraft:mined":{"minecraft:spruce_planks":5,"minecraft:mossy_cobblestone":2,"minecraft:oak_door":5,"minecraft:shulker_box":7,"minecraft:granite":1,"minecraft:grass_block":4,"minecraft:spawner":2,"minecraft:furnace":3,"minecraft:iron_ore":26,"minecraft:andesite":15,"minecraft:deepslate_iron_ore":5,"minecraft:stone":108,"minecraft:crafting_table":6,"minecraft:cobblestone":20,"minecraft:lapis_ore":4,"minecraft:deepslate_gold_ore":16,"minecraft:sugar_cane":1,"minecraft:oak_planks":23,"minecraft:wall_torch":1,"minecraft:jungle_fence":1,"minecraft:grass":1,"minecraft:oak_log":34,"minecraft:coal_ore":98,"minecraft:gravel":40,"minecraft:sand":1,"minecraft:dirt":6,"minecraft:oak_leaves":7,"minecraft:deepslate":2},"minecraft:dropped":{"minecraft:iron_ingot":3,"minecraft:cooked_beef":169,"minecraft:oak_log":6,"minecraft:crafting_table":3,"minecraft:iron_helmet":1,"minecraft:cobblestone":5,"minecraft:granite":1,"minecraft:coal":24,"minecraft:golden_apple":30,"minecraft:stick":63,"minecraft:dirt":1,"minecraft:iron_leggings":2,"minecraft:sand":6,"minecraft:iron_axe":3,"minecraft:iron_pickaxe":6,"minecraft:string":15,"nethertitan:arambulo_pata":4,"minecraft:gold_ingot":16,"minecraft:bone":14,"minecraft:furnace":2,"minecraft:sugar_cane":6,"minecraft:iron_nugget":2,"minecraft:stone_sword":2,"minecraft:iron_boots":2,"minecraft:totem_of_undying":12,"minecraft:shulker_box":2,"minecraft:diamond_sword":2,"minecraft:stone":33,"minecraft:shield":2,"minecraft:diamond_chestplate":2,"nethertitan:arambulo_pata_2":6,"minecraft:arrow":15,"minecraft:bow":3,"minecraft:wooden_pickaxe":1},"minecraft:picked_up":{"minecraft:crafting_table":8,"nethertitan:arambulo_pata_2":9,"minecraft:chicken":4,"minecraft:diamond_sword":1,"nethertitan:arambulo_pata_3":9,"minecraft:shield":1,"minecraft:string":20,"minecraft:iron_axe":2,"minecraft:iron_leggings":1,"minecraft:cobbled_deepslate":1,"minecraft:spruce_planks":5,"minecraft:beef":6,"minecraft:iron_nugget":2,"minecraft:iron_pickaxe":4,"minecraft:sugar_cane":6,"minecraft:furnace":3,"minecraft:egg":2,"minecraft:iron_boots":1,"minecraft:stick":36,"minecraft:raw_iron":31,"minecraft:stone":129,"minecraft:oak_door":6,"minecraft:copper_ingot":1,"minecraft:torch":6,"minecraft:porkchop":6,"minecraft:diamond_chestplate":1,"minecraft:stone_sword":1,"nethertitan:arambulo_pata":4,"minecraft:arrow":7,"minecraft:rotten_flesh":21,"minecraft:totem_of_undying":7,"minecraft:gold_ingot":16,"minecraft:mutton":2,"minecraft:white_wool":1,"minecraft:cobblestone":124,"minecraft:feather":2,"minecraft:cooked_beef":110,"minecraft:andesite":15,"minecraft:brown_wool":1,"minecraft:leather":3,"minecraft:jungle_fence":1,"minecraft:flint":5,"minecraft:oak_log":37,"minecraft:lapis_lazuli":23,"minecraft:dirt":10,"minecraft:bone":22,"minecraft:apple":1,"minecraft:bow":2,"minecraft:raw_gold":16,"minecraft:iron_ingot":3,"minecraft:oak_planks":23,"minecraft:gravel":33,"minecraft:sand":6,"minecraft:shulker_box":9,"minecraft:mossy_cobblestone":2,"minecraft:granite":1,"minecraft:golden_apple":15,"minecraft:oak_sapling":7,"minecraft:coal":146},"minecraft:killed":{"minecraft:spider":1,"minecraft:skeleton":5,"minecraft:chicken":4,"minecraft:drowned":2,"minecraft:pig":4,"minecraft:zombie_villager":1,"minecraft:bat":1,"minecraft:sheep":2,"minecraft:zombie":21,"nethertitan:arambulo_morado":3,"minecraft:cow":2}},"DataVersion":2975}