{"stats":{"minecraft:picked_up":{"minecraft:crafting_table":2,"minecraft:andesite":15,"minecraft:leather":3,"minecraft:flint":1,"nethertitan:arambulo_pata_3":6,"minecraft:oak_log":31,"minecraft:string":2,"minecraft:dirt":5,"minecraft:bone":4,"minecraft:apple":1,"minecraft:raw_gold":10,"minecraft:beef":6,"minecraft:sugar_cane":3,"minecraft:oak_planks":23,"minecraft:furnace":1,"minecraft:stick":5,"minecraft:raw_iron":10,"minecraft:torch":6,"minecraft:mossy_cobblestone":2,"minecraft:arrow":4,"minecraft:rotten_flesh":9,"minecraft:oak_sapling":7,"minecraft:coal":122,"minecraft:cobblestone":100},"minecraft:used":{"minecraft:stone_sword":30,"minecraft:stone_pickaxe":132,"minecraft:oak_planks":101,"minecraft:wooden_pickaxe":20,"minecraft:shield":8,"minecraft:iron_sword":27,"minecraft:torch":18,"minecraft:dirt":4,"minecraft:crafting_table":2,"minecraft:iron_pickaxe":89,"minecraft:stone_axe":54,"minecraft:cobblestone":9,"minecraft:furnace":1,"minecraft:cooked_beef":11},"minecraft:broken":{"minecraft:stone_pickaxe":1},"minecraft:crafted":{"minecraft:oak_planks":124,"minecraft:crafting_table":1,"minecraft:wooden_pickaxe":1,"minecraft:iron_sword":1,"minecraft:furnace":1,"minecraft:stone_axe":1,"minecraft:air":0,"minecraft:shield":1,"minecraft:stick":12,"minecraft:iron_ingot":8,"minecraft:stone_pickaxe":1,"minecraft:iron_pickaxe":1,"minecraft:stone_sword":1,"minecraft:torch":24},"minecraft:custom":{"minecraft:interact_with_furnace":7,"minecraft:mob_kills":16,"minecraft:interact_with_crafting_table":9,"minecraft:leave_game":2,"minecraft:time_since_death":43246,"minecraft:time_since_rest":43246,"minecraft:sprint_one_cm":50006,"minecraft:damage_taken":1065,"minecraft:walk_one_cm":101235,"minecraft:damage_blocked_by_shield":280,"minecraft:damage_dealt":3404,"minecraft:swim_one_cm":3490,"minecraft:fly_one_cm":47082,"minecraft:open_chest":3,"minecraft:crouch_one_cm":9845,"minecraft:play_time":43246,"minecraft:sneak_time":3691,"minecraft:walk_under_water_one_cm":4782,"minecraft:jump":689,"minecraft:walk_on_water_one_cm":11199,"minecraft:total_world_time":43246,"minecraft:fall_one_cm":18206,"minecraft:horse_one_cm":2676},"minecraft:mined":{"minecraft:mossy_cobblestone":2,"minecraft:crafting_table":2,"minecraft:grass_block":1,"minecraft:cobblestone":9,"minecraft:deepslate_gold_ore":10,"minecraft:sugar_cane":1,"minecraft:oak_planks":23,"minecraft:wall_torch":1,"minecraft:spawner":2,"minecraft:furnace":1,"minecraft:iron_ore":8,"minecraft:andesite":15,"minecraft:oak_log":31,"minecraft:coal_ore":98,"minecraft:deepslate_iron_ore":2,"minecraft:gravel":3,"minecraft:dirt":4,"minecraft:stone":93,"minecraft:oak_leaves":4},"minecraft:killed":{"minecraft:spider":1,"minecraft:skeleton":2,"minecraft:zombie":8,"minecraft:cow":2,"nethertitan:arambulo_morado":2}},"DataVersion":2975}