{"stats":{"minecraft:killed_by":{"minecraft:player":7,"reviil:r_eviil":5,"minecraft:creeper":5,"minecraft:spider":1,"nethertitan:arambulo":2,"nethertitan:arambulo_verde":2,"minecraft:skeleton":1,"minecraft:zombie":1,"nethertitan:arambulo_morado":1},"minecraft:crafted":{"minecraft:oak_door":3,"minecraft:magenta_wool":2,"minecraft:oak_planks":556,"minecraft:stone_shovel":3,"minecraft:furnace":7,"minecraft:stone":200,"minecraft:bookshelf":30,"minecraft:iron_boots":1,"minecraft:bow":1,"minecraft:iron_axe":1,"minecraft:stone_pickaxe":2,"minecraft:stone_pressure_plate":2,"minecraft:chest":6,"minecraft:magenta_dye":6,"minecraft:stone_bricks":188,"minecraft:arrow":8,"minecraft:crafting_table":1,"minecraft:enchanting_table":1,"minecraft:wooden_pickaxe":1,"minecraft:iron_helmet":1,"minecraft:iron_sword":1,"minecraft:stone_axe":1,"minecraft:air":0,"minecraft:book":28,"minecraft:paper":99,"minecraft:shield":1,"minecraft:stick":56,"minecraft:iron_ingot":28,"minecraft:iron_pickaxe":2,"minecraft:stone_sword":1,"minecraft:iron_leggings":1,"minecraft:torch":24,"minecraft:shears":1},"minecraft:custom":{"minecraft:mob_kills":128,"minecraft:interact_with_crafting_table":53,"minecraft:open_shulker_box":25,"minecraft:leave_game":11,"minecraft:time_since_death":975,"minecraft:sprint_one_cm":557245,"minecraft:walk_one_cm":755185,"minecraft:damage_blocked_by_shield":3240,"minecraft:drop":434,"minecraft:damage_dealt_absorbed":95,"minecraft:talked_to_villager":1,"minecraft:play_time":357889,"minecraft:deaths":42,"minecraft:sneak_time":17475,"minecraft:walk_under_water_one_cm":48358,"minecraft:jump":5589,"minecraft:walk_on_water_one_cm":74908,"minecraft:total_world_time":357889,"minecraft:interact_with_furnace":69,"minecraft:time_since_rest":982,"minecraft:damage_taken":20191,"minecraft:damage_absorbed":229,"minecraft:damage_dealt":28135,"minecraft:swim_one_cm":54873,"minecraft:fly_one_cm":1311494,"minecraft:player_kills":1,"minecraft:open_chest":74,"minecraft:crouch_one_cm":52639,"minecraft:fall_one_cm":189178,"minecraft:horse_one_cm":2676},"minecraft:used":{"minecraft:enchanting_table":3,"minecraft:stone_sword":30,"minecraft:stone_shovel":286,"minecraft:chest":7,"minecraft:spruce_planks":2,"minecraft:shield":41,"minecraft:stone":111,"minecraft:iron_sword":69,"minecraft:iron_chestplate":1,"minecraft:oak_door":8,"minecraft:torch":41,"minecraft:dirt":272,"minecraft:shulker_box":11,"minecraft:lava_bucket":4,"minecraft:bookshelf":26,"minecraft:iron_axe":215,"minecraft:totem_of_undying":4,"minecraft:stone_bricks":238,"minecraft:diamond_chestplate":1,"minecraft:oak_sapling":21,"minecraft:furnace":8,"minecraft:stone_pressure_plate":2,"minecraft:cooked_beef":86,"minecraft:cobbled_deepslate":22,"minecraft:water_bucket":50,"minecraft:amethyst_block":2,"minecraft:stone_pickaxe":204,"minecraft:oak_planks":112,"minecraft:ender_pearl":11,"minecraft:wooden_pickaxe":20,"minecraft:sugar_cane":26,"minecraft:oak_leaves":318,"minecraft:golden_apple":4,"minecraft:sand":33,"minecraft:crafting_table":8,"minecraft:shears":431,"minecraft:diamond_shovel":446,"minecraft:brown_wool":1,"minecraft:iron_pickaxe":517,"minecraft:gravel":16,"minecraft:stone_axe":68,"minecraft:diamond_sword":425,"minecraft:cobblestone":55,"minecraft:bucket":55},"minecraft:broken":{"minecraft:shears":1,"minecraft:iron_leggings":1,"minecraft:stone_pickaxe":1,"minecraft:iron_pickaxe":1,"minecraft:iron_helmet":1,"minecraft:stone_shovel":2},"minecraft:mined":{"minecraft:tuff":3,"minecraft:spruce_planks":5,"minecraft:mossy_cobblestone":2,"minecraft:oak_door":5,"minecraft:shulker_box":12,"minecraft:granite":1,"minecraft:grass_block":643,"minecraft:spawner":4,"minecraft:furnace":3,"minecraft:iron_ore":33,"minecraft:andesite":17,"minecraft:deepslate_lapis_ore":39,"minecraft:enchanting_table":2,"minecraft:bookshelf":10,"minecraft:deepslate_iron_ore":34,"minecraft:stone":408,"minecraft:oak_fence":1,"minecraft:crafting_table":7,"minecraft:torch":2,"minecraft:chest":1,"minecraft:cobblestone":20,"minecraft:lapis_ore":4,"minecraft:deepslate_gold_ore":21,"minecraft:sugar_cane":59,"minecraft:oak_planks":33,"minecraft:wall_torch":2,"minecraft:amethyst_block":2,"minecraft:birch_log":15,"minecraft:lilac":3,"minecraft:birch_leaves":66,"minecraft:jungle_fence":1,"minecraft:black_wool":1,"minecraft:grass":7,"minecraft:oak_log":183,"minecraft:coal_ore":98,"minecraft:gravel":45,"minecraft:sand":46,"minecraft:dirt":56,"minecraft:cobweb":44,"minecraft:stone_bricks":5,"minecraft:oak_leaves":568,"minecraft:deepslate":31},"minecraft:dropped":{"minecraft:iron_ingot":3,"minecraft:lapis_lazuli":29,"minecraft:cooked_beef":179,"minecraft:oak_log":6,"minecraft:crafting_table":3,"minecraft:iron_helmet":1,"minecraft:cobblestone":5,"minecraft:granite":1,"minecraft:saddle":2,"minecraft:coal":32,"minecraft:golden_apple":30,"minecraft:stick":63,"minecraft:dirt":1,"minecraft:torch":1,"minecraft:iron_leggings":2,"minecraft:sand":146,"minecraft:iron_axe":3,"minecraft:iron_pickaxe":6,"minecraft:string":15,"nethertitan:arambulo_pata":4,"minecraft:gold_ingot":16,"minecraft:bone":14,"minecraft:furnace":2,"minecraft:sugar_cane":6,"minecraft:iron_nugget":4,"minecraft:stone_sword":2,"minecraft:cobbled_deepslate":1,"minecraft:tuff":3,"minecraft:rotten_flesh":29,"minecraft:iron_boots":2,"minecraft:totem_of_undying":13,"minecraft:shulker_box":2,"minecraft:diamond_sword":2,"minecraft:stone":33,"minecraft:shield":2,"minecraft:gunpowder":1,"minecraft:diamond_chestplate":2,"nethertitan:arambulo_pata_2":6,"minecraft:spider_eye":6,"minecraft:stone_bricks":20,"minecraft:magenta_dye":3,"minecraft:arrow":15,"minecraft:bow":4,"minecraft:wooden_pickaxe":1,"minecraft:black_wool":1},"minecraft:picked_up":{"minecraft:iron_chestplate":1,"minecraft:crafting_table":10,"nethertitan:arambulo_pata_2":21,"minecraft:creeper_head":2,"minecraft:chicken":4,"minecraft:diamond_sword":3,"minecraft:enchanted_book":1,"nethertitan:arambulo_pata_3":69,"minecraft:shield":2,"minecraft:amethyst_block":98,"minecraft:string":84,"minecraft:iron_axe":3,"minecraft:iron_leggings":2,"minecraft:zombie_head":2,"minecraft:cobbled_deepslate":28,"minecraft:spruce_planks":5,"minecraft:beef":7,"minecraft:calcite":64,"minecraft:iron_nugget":4,"minecraft:iron_pickaxe":5,"minecraft:enchanted_golden_apple":1,"minecraft:chest":1,"minecraft:sugar_cane":122,"minecraft:birch_sapling":7,"minecraft:furnace":3,"minecraft:egg":2,"minecraft:iron_boots":2,"minecraft:stick":61,"minecraft:raw_iron":150,"minecraft:stone":131,"minecraft:oak_door":6,"minecraft:copper_ingot":1,"minecraft:torch":78,"minecraft:porkchop":9,"minecraft:diamond_chestplate":2,"minecraft:stone_sword":1,"nethertitan:arambulo_pata":23,"minecraft:arrow":27,"minecraft:rotten_flesh":86,"minecraft:shears":1,"minecraft:diamond_boots":1,"minecraft:saddle":1,"minecraft:totem_of_undying":13,"minecraft:gold_ingot":16,"minecraft:obsidian":7,"minecraft:mutton":3,"minecraft:white_wool":2,"minecraft:cobblestone":464,"minecraft:birch_log":15,"minecraft:enchanting_table":2,"minecraft:birch_leaves":60,"minecraft:lilac":3,"minecraft:feather":2,"minecraft:cooked_beef":169,"minecraft:andesite":16,"minecraft:brown_wool":1,"minecraft:leather":3,"minecraft:jungle_fence":1,"minecraft:flint":5,"minecraft:tuff":3,"minecraft:oak_log":184,"minecraft:gunpowder":6,"minecraft:lapis_lazuli":287,"minecraft:dirt":635,"minecraft:name_tag":1,"minecraft:bone":41,"minecraft:apple":10,"minecraft:stone_bricks":70,"minecraft:bow":4,"minecraft:wheat_seeds":3,"minecraft:raw_gold":65,"minecraft:iron_ingot":10,"minecraft:diamond_helmet":1,"minecraft:oak_planks":28,"minecraft:book":67,"minecraft:smooth_basalt":32,"minecraft:gravel":33,"minecraft:sand":179,"minecraft:spider_eye":6,"minecraft:shulker_box":14,"minecraft:mossy_cobblestone":2,"minecraft:diamond_shovel":1,"minecraft:diamond":22,"minecraft:iron_helmet":1,"minecraft:granite":1,"minecraft:golden_apple":24,"minecraft:oak_sapling":43,"minecraft:black_wool":1,"minecraft:coal":182,"minecraft:oak_leaves":354,"minecraft:ender_pearl":19},"minecraft:killed":{"minecraft:cave_spider":12,"minecraft:spider":7,"minecraft:skeleton":26,"minecraft:chicken":4,"nethertitan:arambulo":1,"minecraft:drowned":6,"minecraft:pig":5,"minecraft:zombie_villager":1,"minecraft:bat":2,"minecraft:creeper":1,"minecraft:sheep":3,"minecraft:zombie":47,"nethertitan:arambulo_morado":16,"minecraft:cow":3}},"DataVersion":2975}