{"stats":{"minecraft:crafted":{"minecraft:oak_planks":124,"minecraft:crafting_table":1,"minecraft:wooden_pickaxe":1,"minecraft:iron_sword":1,"minecraft:furnace":1,"minecraft:stone_axe":1,"minecraft:air":0,"minecraft:shield":1,"minecraft:stick":12,"minecraft:iron_pickaxe":1,"minecraft:iron_ingot":8,"minecraft:stone_pickaxe":1,"minecraft:stone_sword":1,"minecraft:torch":24},"minecraft:picked_up":{"minecraft:crafting_table":2,"minecraft:feather":2,"minecraft:chicken":4,"minecraft:andesite":15,"minecraft:brown_wool":1,"minecraft:leather":3,"minecraft:jungle_fence":1,"minecraft:flint":1,"nethertitan:arambulo_pata_3":6,"minecraft:oak_log":31,"minecraft:lapis_lazuli":23,"minecraft:dirt":10,"minecraft:string":11,"minecraft:bone":6,"minecraft:apple":1,"minecraft:cobbled_deepslate":1,"minecraft:raw_gold":15,"minecraft:spruce_planks":5,"minecraft:beef":6,"minecraft:sugar_cane":3,"minecraft:oak_planks":23,"minecraft:egg":2,"minecraft:furnace":1,"minecraft:raw_iron":11,"minecraft:stick":5,"minecraft:torch":6,"minecraft:sand":6,"minecraft:porkchop":6,"minecraft:mossy_cobblestone":2,"minecraft:shulker_box":4,"minecraft:stone_sword":1,"minecraft:arrow":5,"minecraft:rotten_flesh":11,"minecraft:oak_sapling":7,"minecraft:mutton":2,"minecraft:coal":122,"minecraft:white_wool":1,"minecraft:cobblestone":113},"minecraft:killed":{"minecraft:pig":4,"minecraft:spider":1,"minecraft:sheep":2,"minecraft:skeleton":3,"minecraft:zombie":13,"minecraft:chicken":4,"minecraft:cow":2,"nethertitan:arambulo_morado":2},"minecraft:broken":{"minecraft:stone_pickaxe":1},"minecraft:used":{"minecraft:stone_sword":30,"minecraft:stone_pickaxe":132,"minecraft:oak_planks":101,"minecraft:spruce_planks":2,"minecraft:wooden_pickaxe":20,"minecraft:shield":10,"minecraft:iron_sword":59,"minecraft:torch":18,"minecraft:dirt":9,"minecraft:crafting_table":2,"minecraft:shulker_box":3,"minecraft:iron_pickaxe":119,"minecraft:stone_axe":62,"minecraft:diamond_chestplate":1,"minecraft:cobblestone":53,"minecraft:furnace":1,"minecraft:cooked_beef":22},"minecraft:custom":{"minecraft:interact_with_furnace":7,"minecraft:mob_kills":32,"minecraft:interact_with_crafting_table":9,"minecraft:open_shulker_box":3,"minecraft:leave_game":3,"minecraft:time_since_death":83659,"minecraft:time_since_rest":83659,"minecraft:sprint_one_cm":134254,"minecraft:damage_taken":1840,"minecraft:walk_one_cm":165943,"minecraft:damage_blocked_by_shield":350,"minecraft:drop":24,"minecraft:damage_dealt":5667,"minecraft:swim_one_cm":13578,"minecraft:fly_one_cm":135355,"minecraft:player_kills":1,"minecraft:open_chest":5,"minecraft:crouch_one_cm":14912,"minecraft:play_time":83659,"minecraft:sneak_time":5808,"minecraft:walk_under_water_one_cm":9243,"minecraft:jump":1461,"minecraft:walk_on_water_one_cm":15649,"minecraft:total_world_time":83659,"minecraft:fall_one_cm":43855,"minecraft:horse_one_cm":2676},"minecraft:dropped":{"minecraft:cooked_beef":10,"minecraft:stone_sword":2,"minecraft:cobblestone":5,"minecraft:dirt":1,"minecraft:sand":6,"minecraft:wooden_pickaxe":1,"minecraft:string":9},"minecraft:mined":{"minecraft:spruce_planks":5,"minecraft:mossy_cobblestone":2,"minecraft:shulker_box":3,"minecraft:crafting_table":2,"minecraft:grass_block":4,"minecraft:cobblestone":18,"minecraft:lapis_ore":4,"minecraft:deepslate_gold_ore":15,"minecraft:sugar_cane":1,"minecraft:oak_planks":23,"minecraft:wall_torch":1,"minecraft:spawner":2,"minecraft:furnace":1,"minecraft:iron_ore":8,"minecraft:andesite":15,"minecraft:jungle_fence":1,"minecraft:grass":1,"minecraft:oak_log":31,"minecraft:coal_ore":98,"minecraft:deepslate_iron_ore":3,"minecraft:sand":1,"minecraft:gravel":3,"minecraft:dirt":6,"minecraft:stone":99,"minecraft:oak_leaves":5,"minecraft:deepslate":2}},"DataVersion":2975}