{"stats":{"minecraft:killed_by":{"minecraft:player":4,"minecraft:creeper":2,"minecraft:spider":1,"nethertitan:arambulo_verde":1,"minecraft:skeleton":1},"minecraft:crafted":{"minecraft:oak_door":3,"minecraft:oak_planks":300,"minecraft:stone_shovel":3,"minecraft:furnace":7,"minecraft:iron_boots":1,"minecraft:bow":1,"minecraft:iron_axe":1,"minecraft:stone_pickaxe":1,"minecraft:chest":2,"minecraft:arrow":8,"minecraft:crafting_table":1,"minecraft:wooden_pickaxe":1,"minecraft:iron_helmet":1,"minecraft:iron_sword":1,"minecraft:stone_axe":1,"minecraft:air":0,"minecraft:shield":1,"minecraft:stick":56,"minecraft:iron_ingot":28,"minecraft:iron_pickaxe":2,"minecraft:stone_sword":1,"minecraft:iron_leggings":1,"minecraft:torch":24},"minecraft:custom":{"minecraft:mob_kills":54,"minecraft:interact_with_crafting_table":31,"minecraft:open_shulker_box":17,"minecraft:leave_game":11,"minecraft:time_since_death":16679,"minecraft:sprint_one_cm":256882,"minecraft:walk_one_cm":304634,"minecraft:damage_blocked_by_shield":1375,"minecraft:drop":412,"minecraft:talked_to_villager":1,"minecraft:play_time":196103,"minecraft:deaths":17,"minecraft:sneak_time":10892,"minecraft:walk_under_water_one_cm":32140,"minecraft:jump":2531,"minecraft:walk_on_water_one_cm":34069,"minecraft:total_world_time":196103,"minecraft:interact_with_furnace":27,"minecraft:time_since_rest":16686,"minecraft:damage_taken":7034,"minecraft:damage_dealt":10063,"minecraft:swim_one_cm":30367,"minecraft:fly_one_cm":562521,"minecraft:player_kills":1,"minecraft:open_chest":17,"minecraft:crouch_one_cm":28986,"minecraft:fall_one_cm":88794,"minecraft:horse_one_cm":2676},"minecraft:used":{"minecraft:stone_sword":30,"minecraft:stone_shovel":185,"minecraft:chest":2,"minecraft:spruce_planks":2,"minecraft:shield":23,"minecraft:stone":46,"minecraft:iron_sword":69,"minecraft:iron_chestplate":1,"minecraft:oak_door":6,"minecraft:torch":18,"minecraft:dirt":116,"minecraft:shulker_box":8,"minecraft:iron_axe":109,"minecraft:totem_of_undying":1,"minecraft:diamond_chestplate":1,"minecraft:furnace":8,"minecraft:cooked_beef":36,"minecraft:stone_pickaxe":132,"minecraft:oak_planks":101,"minecraft:wooden_pickaxe":20,"minecraft:crafting_table":7,"minecraft:brown_wool":1,"minecraft:iron_pickaxe":160,"minecraft:gravel":16,"minecraft:stone_axe":68,"minecraft:diamond_sword":64,"minecraft:cobblestone":53},"minecraft:broken":{"minecraft:stone_pickaxe":1,"minecraft:stone_shovel":1},"minecraft:mined":{"minecraft:spruce_planks":5,"minecraft:mossy_cobblestone":2,"minecraft:oak_door":5,"minecraft:shulker_box":8,"minecraft:granite":1,"minecraft:grass_block":177,"minecraft:spawner":2,"minecraft:furnace":3,"minecraft:iron_ore":26,"minecraft:andesite":15,"minecraft:deepslate_iron_ore":5,"minecraft:stone":109,"minecraft:crafting_table":6,"minecraft:cobblestone":20,"minecraft:lapis_ore":4,"minecraft:deepslate_gold_ore":16,"minecraft:sugar_cane":1,"minecraft:oak_planks":23,"minecraft:wall_torch":1,"minecraft:birch_leaves":2,"minecraft:jungle_fence":1,"minecraft:grass":3,"minecraft:oak_log":133,"minecraft:coal_ore":98,"minecraft:gravel":40,"minecraft:sand":1,"minecraft:dirt":17,"minecraft:oak_leaves":73,"minecraft:deepslate":2},"minecraft:dropped":{"minecraft:iron_ingot":3,"minecraft:cooked_beef":173,"minecraft:oak_log":6,"minecraft:crafting_table":3,"minecraft:iron_helmet":1,"minecraft:cobblestone":5,"minecraft:granite":1,"minecraft:coal":24,"minecraft:golden_apple":30,"minecraft:stick":63,"minecraft:dirt":1,"minecraft:iron_leggings":2,"minecraft:sand":6,"minecraft:iron_axe":3,"minecraft:iron_pickaxe":6,"minecraft:string":15,"nethertitan:arambulo_pata":4,"minecraft:gold_ingot":16,"minecraft:bone":14,"minecraft:furnace":2,"minecraft:sugar_cane":6,"minecraft:iron_nugget":4,"minecraft:stone_sword":2,"minecraft:iron_boots":2,"minecraft:totem_of_undying":12,"minecraft:shulker_box":2,"minecraft:diamond_sword":2,"minecraft:stone":33,"minecraft:shield":2,"minecraft:diamond_chestplate":2,"nethertitan:arambulo_pata_2":6,"minecraft:arrow":15,"minecraft:bow":3,"minecraft:wooden_pickaxe":1},"minecraft:picked_up":{"minecraft:iron_chestplate":1,"minecraft:crafting_table":9,"nethertitan:arambulo_pata_2":11,"minecraft:chicken":4,"minecraft:diamond_sword":2,"nethertitan:arambulo_pata_3":9,"minecraft:shield":2,"minecraft:string":29,"minecraft:iron_axe":3,"minecraft:iron_leggings":2,"minecraft:cobbled_deepslate":1,"minecraft:spruce_planks":5,"minecraft:beef":6,"minecraft:iron_nugget":4,"minecraft:iron_pickaxe":5,"minecraft:sugar_cane":9,"minecraft:furnace":3,"minecraft:egg":2,"minecraft:iron_boots":2,"minecraft:stick":46,"minecraft:raw_iron":31,"minecraft:stone":129,"minecraft:oak_door":6,"minecraft:copper_ingot":1,"minecraft:torch":6,"minecraft:porkchop":9,"minecraft:diamond_chestplate":1,"minecraft:stone_sword":1,"nethertitan:arambulo_pata":6,"minecraft:arrow":7,"minecraft:rotten_flesh":25,"minecraft:totem_of_undying":12,"minecraft:gold_ingot":16,"minecraft:mutton":3,"minecraft:white_wool":2,"minecraft:cobblestone":125,"minecraft:feather":2,"minecraft:cooked_beef":163,"minecraft:andesite":15,"minecraft:brown_wool":1,"minecraft:leather":3,"minecraft:jungle_fence":1,"minecraft:flint":5,"minecraft:oak_log":139,"minecraft:lapis_lazuli":23,"minecraft:dirt":194,"minecraft:bone":24,"minecraft:apple":5,"minecraft:bow":2,"minecraft:wheat_seeds":2,"minecraft:raw_gold":16,"minecraft:iron_ingot":6,"minecraft:oak_planks":23,"minecraft:gravel":33,"minecraft:sand":6,"minecraft:shulker_box":11,"minecraft:mossy_cobblestone":2,"minecraft:iron_helmet":1,"minecraft:granite":1,"minecraft:golden_apple":23,"minecraft:oak_sapling":19,"minecraft:coal":167},"minecraft:killed":{"minecraft:spider":3,"minecraft:skeleton":6,"minecraft:chicken":4,"minecraft:drowned":2,"minecraft:pig":5,"minecraft:zombie_villager":1,"minecraft:bat":1,"minecraft:sheep":3,"minecraft:zombie":24,"nethertitan:arambulo_morado":3,"minecraft:cow":2}},"DataVersion":2975}