{"stats":{"minecraft:killed_by":{"minecraft:player":3,"nethertitan:arambulo_verde":1,"minecraft:creeper":1},"minecraft:crafted":{"minecraft:oak_door":3,"minecraft:oak_planks":124,"minecraft:arrow":8,"minecraft:crafting_table":1,"minecraft:iron_helmet":1,"minecraft:wooden_pickaxe":1,"minecraft:iron_sword":1,"minecraft:furnace":2,"minecraft:stone_axe":1,"minecraft:air":0,"minecraft:bow":1,"minecraft:iron_boots":1,"minecraft:shield":1,"minecraft:iron_axe":1,"minecraft:stick":52,"minecraft:iron_ingot":28,"minecraft:stone_pickaxe":1,"minecraft:iron_pickaxe":2,"minecraft:stone_sword":1,"minecraft:iron_leggings":1,"minecraft:torch":24},"minecraft:used":{"minecraft:stone_sword":30,"minecraft:stone_pickaxe":132,"minecraft:oak_planks":101,"minecraft:wooden_pickaxe":20,"minecraft:spruce_planks":2,"minecraft:shield":22,"minecraft:stone":45,"minecraft:iron_sword":69,"minecraft:oak_door":6,"minecraft:torch":18,"minecraft:dirt":9,"minecraft:crafting_table":6,"minecraft:shulker_box":7,"minecraft:iron_axe":6,"minecraft:iron_pickaxe":158,"minecraft:brown_wool":1,"minecraft:gravel":16,"minecraft:diamond_sword":31,"minecraft:diamond_chestplate":1,"minecraft:stone_axe":68,"minecraft:cobblestone":53,"minecraft:furnace":3,"minecraft:cooked_beef":33},"minecraft:custom":{"minecraft:interact_with_furnace":27,"minecraft:mob_kills":46,"minecraft:interact_with_crafting_table":26,"minecraft:open_shulker_box":15,"minecraft:leave_game":7,"minecraft:time_since_death":1301,"minecraft:time_since_rest":1308,"minecraft:sprint_one_cm":190056,"minecraft:damage_taken":4424,"minecraft:walk_one_cm":232015,"minecraft:damage_blocked_by_shield":1290,"minecraft:drop":26,"minecraft:damage_dealt":8584,"minecraft:player_kills":1,"minecraft:swim_one_cm":30367,"minecraft:fly_one_cm":243201,"minecraft:open_chest":5,"minecraft:play_time":140585,"minecraft:crouch_one_cm":18601,"minecraft:sneak_time":7760,"minecraft:deaths":6,"minecraft:walk_under_water_one_cm":32140,"minecraft:jump":2156,"minecraft:walk_on_water_one_cm":34069,"minecraft:total_world_time":140585,"minecraft:fall_one_cm":68396,"minecraft:horse_one_cm":2676},"minecraft:broken":{"minecraft:stone_pickaxe":1},"minecraft:dropped":{"minecraft:cooked_beef":10,"minecraft:stone_sword":2,"minecraft:cobblestone":5,"minecraft:stick":1,"minecraft:dirt":1,"minecraft:sand":6,"minecraft:wooden_pickaxe":1,"minecraft:string":9,"minecraft:bone":14},"minecraft:mined":{"minecraft:spruce_planks":5,"minecraft:mossy_cobblestone":2,"minecraft:oak_door":5,"minecraft:shulker_box":7,"minecraft:crafting_table":6,"minecraft:granite":1,"minecraft:grass_block":4,"minecraft:cobblestone":20,"minecraft:deepslate_gold_ore":16,"minecraft:lapis_ore":4,"minecraft:oak_planks":23,"minecraft:sugar_cane":1,"minecraft:wall_torch":1,"minecraft:spawner":2,"minecraft:furnace":3,"minecraft:iron_ore":26,"minecraft:andesite":15,"minecraft:jungle_fence":1,"minecraft:grass":1,"minecraft:oak_log":34,"minecraft:coal_ore":98,"minecraft:deepslate_iron_ore":5,"minecraft:sand":1,"minecraft:gravel":40,"minecraft:dirt":6,"minecraft:stone":108,"minecraft:oak_leaves":7,"minecraft:deepslate":2},"minecraft:picked_up":{"minecraft:crafting_table":6,"nethertitan:arambulo_pata_2":5,"minecraft:feather":2,"minecraft:chicken":4,"minecraft:andesite":15,"minecraft:brown_wool":1,"minecraft:leather":3,"minecraft:jungle_fence":1,"minecraft:flint":5,"nethertitan:arambulo_pata_3":9,"minecraft:oak_log":34,"minecraft:lapis_lazuli":23,"minecraft:dirt":10,"minecraft:string":20,"minecraft:bone":22,"minecraft:apple":1,"minecraft:cobbled_deepslate":1,"minecraft:raw_gold":16,"minecraft:spruce_planks":5,"minecraft:iron_ingot":3,"minecraft:beef":6,"minecraft:sugar_cane":3,"minecraft:oak_planks":23,"minecraft:furnace":3,"minecraft:egg":2,"minecraft:stick":5,"minecraft:raw_iron":31,"minecraft:stone":128,"minecraft:oak_door":6,"minecraft:copper_ingot":1,"minecraft:torch":6,"minecraft:gravel":33,"minecraft:porkchop":6,"minecraft:sand":6,"minecraft:shulker_box":8,"minecraft:mossy_cobblestone":2,"nethertitan:arambulo_pata":2,"minecraft:stone_sword":1,"minecraft:arrow":7,"minecraft:rotten_flesh":21,"minecraft:granite":1,"minecraft:gold_ingot":16,"minecraft:oak_sapling":7,"minecraft:mutton":2,"minecraft:coal":143,"minecraft:white_wool":1,"minecraft:cobblestone":124},"minecraft:killed":{"minecraft:pig":4,"minecraft:zombie_villager":1,"minecraft:spider":1,"minecraft:bat":1,"minecraft:skeleton":5,"minecraft:sheep":2,"minecraft:zombie":21,"minecraft:chicken":4,"minecraft:drowned":2,"nethertitan:arambulo_morado":3,"minecraft:cow":2}},"DataVersion":2975}