{"stats":{"minecraft:picked_up":{"minecraft:raw_iron":8,"minecraft:stick":5,"minecraft:crafting_table":2,"minecraft:leather":3,"minecraft:torch":5,"minecraft:flint":1,"minecraft:oak_log":31,"minecraft:dirt":5,"minecraft:bone":2,"minecraft:rotten_flesh":9,"minecraft:apple":1,"minecraft:beef":6,"minecraft:oak_sapling":7,"minecraft:sugar_cane":3,"minecraft:oak_planks":12,"minecraft:coal":57,"minecraft:furnace":1,"minecraft:cobblestone":27},"minecraft:used":{"minecraft:stone_sword":30,"minecraft:stone_pickaxe":54,"minecraft:iron_pickaxe":1,"minecraft:oak_planks":84,"minecraft:shield":1,"minecraft:wooden_pickaxe":20,"minecraft:torch":12,"minecraft:stone_axe":43,"minecraft:dirt":4,"minecraft:cobblestone":4,"minecraft:crafting_table":2,"minecraft:furnace":1,"minecraft:cooked_beef":9},"minecraft:crafted":{"minecraft:oak_planks":124,"minecraft:shield":1,"minecraft:crafting_table":1,"minecraft:stick":12,"minecraft:iron_pickaxe":1,"minecraft:iron_ingot":8,"minecraft:wooden_pickaxe":1,"minecraft:stone_pickaxe":1,"minecraft:stone_sword":1,"minecraft:iron_sword":1,"minecraft:furnace":1,"minecraft:torch":24,"minecraft:stone_axe":1,"minecraft:air":0},"minecraft:custom":{"minecraft:time_since_rest":28056,"minecraft:interact_with_furnace":7,"minecraft:sprint_one_cm":33253,"minecraft:damage_taken":805,"minecraft:walk_one_cm":64351,"minecraft:damage_blocked_by_shield":40,"minecraft:mob_kills":9,"minecraft:damage_dealt":1713,"minecraft:interact_with_crafting_table":9,"minecraft:swim_one_cm":3490,"minecraft:fly_one_cm":34786,"minecraft:open_chest":2,"minecraft:crouch_one_cm":4345,"minecraft:play_time":28056,"minecraft:walk_under_water_one_cm":4443,"minecraft:sneak_time":1450,"minecraft:jump":508,"minecraft:leave_game":1,"minecraft:time_since_death":28056,"minecraft:walk_on_water_one_cm":9420,"minecraft:total_world_time":28056,"minecraft:fall_one_cm":14442,"minecraft:horse_one_cm":2676},"minecraft:mined":{"minecraft:furnace":1,"minecraft:iron_ore":8,"minecraft:crafting_table":2,"minecraft:coal_ore":33,"minecraft:grass_block":1,"minecraft:oak_log":31,"minecraft:gravel":3,"minecraft:dirt":4,"minecraft:cobblestone":6,"minecraft:stone":25,"minecraft:oak_planks":12,"minecraft:sugar_cane":1,"minecraft:wall_torch":1,"minecraft:oak_leaves":4,"minecraft:spawner":1},"minecraft:killed":{"minecraft:zombie":6,"minecraft:cow":2}},"DataVersion":2975}