{"stats":{"minecraft:killed_by":{"minecraft:player":6,"minecraft:creeper":3,"minecraft:spider":1,"nethertitan:arambulo":1,"nethertitan:arambulo_verde":2,"minecraft:skeleton":1,"minecraft:zombie":1},"minecraft:crafted":{"minecraft:oak_door":3,"minecraft:magenta_wool":2,"minecraft:oak_planks":300,"minecraft:stone_shovel":3,"minecraft:furnace":7,"minecraft:stone":192,"minecraft:iron_boots":1,"minecraft:bow":1,"minecraft:iron_axe":1,"minecraft:stone_pickaxe":2,"minecraft:stone_pressure_plate":2,"minecraft:chest":6,"minecraft:magenta_dye":6,"minecraft:stone_bricks":188,"minecraft:arrow":8,"minecraft:crafting_table":1,"minecraft:wooden_pickaxe":1,"minecraft:iron_helmet":1,"minecraft:iron_sword":1,"minecraft:stone_axe":1,"minecraft:air":0,"minecraft:shield":1,"minecraft:stick":56,"minecraft:iron_ingot":28,"minecraft:iron_pickaxe":2,"minecraft:stone_sword":1,"minecraft:iron_leggings":1,"minecraft:torch":24,"minecraft:shears":1},"minecraft:custom":{"minecraft:mob_kills":100,"minecraft:interact_with_crafting_table":41,"minecraft:open_shulker_box":24,"minecraft:leave_game":11,"minecraft:time_since_death":17993,"minecraft:sprint_one_cm":474631,"minecraft:walk_one_cm":632137,"minecraft:damage_blocked_by_shield":2475,"minecraft:drop":425,"minecraft:damage_dealt_absorbed":40,"minecraft:talked_to_villager":1,"minecraft:play_time":298103,"minecraft:deaths":26,"minecraft:sneak_time":15592,"minecraft:walk_under_water_one_cm":38008,"minecraft:jump":4607,"minecraft:walk_on_water_one_cm":51871,"minecraft:total_world_time":298103,"minecraft:interact_with_furnace":59,"minecraft:time_since_rest":17999,"minecraft:damage_taken":12740,"minecraft:damage_absorbed":189,"minecraft:damage_dealt":20155,"minecraft:swim_one_cm":54608,"minecraft:fly_one_cm":1004658,"minecraft:player_kills":1,"minecraft:open_chest":50,"minecraft:crouch_one_cm":49523,"minecraft:fall_one_cm":148164,"minecraft:horse_one_cm":2676},"minecraft:used":{"minecraft:stone_sword":30,"minecraft:stone_shovel":286,"minecraft:chest":7,"minecraft:spruce_planks":2,"minecraft:shield":33,"minecraft:stone":109,"minecraft:iron_sword":69,"minecraft:iron_chestplate":1,"minecraft:oak_door":8,"minecraft:torch":31,"minecraft:dirt":260,"minecraft:shulker_box":10,"minecraft:lava_bucket":4,"minecraft:iron_axe":186,"minecraft:totem_of_undying":2,"minecraft:stone_bricks":238,"minecraft:diamond_chestplate":1,"minecraft:oak_sapling":21,"minecraft:furnace":8,"minecraft:stone_pressure_plate":2,"minecraft:cooked_beef":67,"minecraft:cobbled_deepslate":16,"minecraft:water_bucket":30,"minecraft:stone_pickaxe":185,"minecraft:oak_planks":102,"minecraft:wooden_pickaxe":20,"minecraft:sugar_cane":26,"minecraft:oak_leaves":318,"minecraft:golden_apple":3,"minecraft:sand":33,"minecraft:crafting_table":8,"minecraft:shears":431,"minecraft:diamond_shovel":436,"minecraft:brown_wool":1,"minecraft:iron_pickaxe":404,"minecraft:gravel":16,"minecraft:stone_axe":68,"minecraft:diamond_sword":268,"minecraft:cobblestone":55,"minecraft:bucket":35},"minecraft:broken":{"minecraft:shears":1,"minecraft:iron_leggings":1,"minecraft:stone_pickaxe":1,"minecraft:iron_pickaxe":1,"minecraft:iron_helmet":1,"minecraft:stone_shovel":2},"minecraft:mined":{"minecraft:spruce_planks":5,"minecraft:mossy_cobblestone":2,"minecraft:oak_door":5,"minecraft:shulker_box":11,"minecraft:granite":1,"minecraft:grass_block":643,"minecraft:spawner":2,"minecraft:furnace":3,"minecraft:iron_ore":33,"minecraft:andesite":16,"minecraft:deepslate_lapis_ore":3,"minecraft:deepslate_iron_ore":7,"minecraft:stone":375,"minecraft:oak_fence":1,"minecraft:crafting_table":7,"minecraft:torch":1,"minecraft:chest":1,"minecraft:cobblestone":20,"minecraft:lapis_ore":4,"minecraft:deepslate_gold_ore":16,"minecraft:sugar_cane":59,"minecraft:oak_planks":26,"minecraft:wall_torch":1,"minecraft:birch_log":15,"minecraft:lilac":3,"minecraft:birch_leaves":66,"minecraft:jungle_fence":1,"minecraft:black_wool":1,"minecraft:grass":7,"minecraft:oak_log":178,"minecraft:coal_ore":98,"minecraft:gravel":40,"minecraft:sand":46,"minecraft:dirt":51,"minecraft:stone_bricks":5,"minecraft:oak_leaves":568,"minecraft:deepslate":11},"minecraft:dropped":{"minecraft:iron_ingot":3,"minecraft:cooked_beef":173,"minecraft:oak_log":6,"minecraft:crafting_table":3,"minecraft:iron_helmet":1,"minecraft:cobblestone":5,"minecraft:granite":1,"minecraft:saddle":2,"minecraft:coal":24,"minecraft:golden_apple":30,"minecraft:stick":63,"minecraft:dirt":1,"minecraft:torch":1,"minecraft:iron_leggings":2,"minecraft:sand":146,"minecraft:iron_axe":3,"minecraft:iron_pickaxe":6,"minecraft:string":15,"nethertitan:arambulo_pata":4,"minecraft:gold_ingot":16,"minecraft:bone":14,"minecraft:furnace":2,"minecraft:sugar_cane":6,"minecraft:iron_nugget":4,"minecraft:stone_sword":2,"minecraft:iron_boots":2,"minecraft:totem_of_undying":13,"minecraft:shulker_box":2,"minecraft:diamond_sword":2,"minecraft:stone":33,"minecraft:shield":2,"minecraft:gunpowder":1,"minecraft:diamond_chestplate":2,"nethertitan:arambulo_pata_2":6,"minecraft:stone_bricks":20,"minecraft:magenta_dye":3,"minecraft:arrow":15,"minecraft:bow":3,"minecraft:wooden_pickaxe":1,"minecraft:black_wool":1},"minecraft:picked_up":{"minecraft:iron_chestplate":1,"minecraft:crafting_table":10,"nethertitan:arambulo_pata_2":18,"minecraft:creeper_head":1,"minecraft:chicken":4,"minecraft:diamond_sword":3,"nethertitan:arambulo_pata_3":21,"minecraft:shield":2,"minecraft:string":34,"minecraft:iron_axe":3,"minecraft:iron_leggings":2,"minecraft:zombie_head":2,"minecraft:cobbled_deepslate":18,"minecraft:spruce_planks":5,"minecraft:beef":7,"minecraft:iron_nugget":4,"minecraft:iron_pickaxe":5,"minecraft:chest":1,"minecraft:sugar_cane":122,"minecraft:birch_sapling":7,"minecraft:furnace":3,"minecraft:egg":2,"minecraft:iron_boots":2,"minecraft:stick":61,"minecraft:raw_iron":68,"minecraft:stone":129,"minecraft:oak_door":6,"minecraft:copper_ingot":1,"minecraft:torch":8,"minecraft:porkchop":9,"minecraft:diamond_chestplate":2,"minecraft:stone_sword":1,"nethertitan:arambulo_pata":13,"minecraft:arrow":24,"minecraft:rotten_flesh":54,"minecraft:shears":1,"minecraft:diamond_boots":1,"minecraft:saddle":1,"minecraft:totem_of_undying":13,"minecraft:gold_ingot":16,"minecraft:mutton":3,"minecraft:white_wool":2,"minecraft:cobblestone":390,"minecraft:birch_log":15,"minecraft:birch_leaves":60,"minecraft:lilac":3,"minecraft:feather":2,"minecraft:cooked_beef":163,"minecraft:andesite":15,"minecraft:brown_wool":1,"minecraft:leather":3,"minecraft:jungle_fence":1,"minecraft:flint":5,"minecraft:oak_log":184,"minecraft:gunpowder":1,"minecraft:lapis_lazuli":44,"minecraft:dirt":623,"minecraft:name_tag":1,"minecraft:bone":38,"minecraft:apple":10,"minecraft:stone_bricks":70,"minecraft:bow":4,"minecraft:wheat_seeds":3,"minecraft:raw_gold":19,"minecraft:iron_ingot":10,"minecraft:diamond_helmet":1,"minecraft:oak_planks":24,"minecraft:gravel":33,"minecraft:sand":179,"minecraft:spider_eye":2,"minecraft:shulker_box":13,"minecraft:mossy_cobblestone":2,"minecraft:diamond_shovel":1,"minecraft:diamond":9,"minecraft:iron_helmet":1,"minecraft:granite":1,"minecraft:golden_apple":23,"minecraft:oak_sapling":43,"minecraft:black_wool":1,"minecraft:coal":167,"minecraft:oak_leaves":354},"minecraft:killed":{"minecraft:spider":7,"minecraft:skeleton":23,"minecraft:chicken":4,"minecraft:drowned":6,"minecraft:pig":5,"minecraft:zombie_villager":1,"minecraft:bat":2,"minecraft:sheep":3,"minecraft:zombie":43,"nethertitan:arambulo_morado":5,"minecraft:cow":3}},"DataVersion":2975}