{"stats":{"minecraft:picked_up":{"minecraft:stick":5,"minecraft:crafting_table":1,"minecraft:leather":3,"minecraft:flint":1,"minecraft:oak_log":31,"minecraft:dirt":5,"minecraft:bone":2,"minecraft:rotten_flesh":3,"minecraft:apple":1,"minecraft:beef":6,"minecraft:oak_sapling":7,"minecraft:sugar_cane":3,"minecraft:coal":10,"minecraft:cobblestone":20},"minecraft:used":{"minecraft:stone_sword":15,"minecraft:stone_pickaxe":11,"minecraft:oak_planks":2,"minecraft:wooden_pickaxe":20,"minecraft:stone_axe":29,"minecraft:dirt":4,"minecraft:cobblestone":4,"minecraft:crafting_table":1,"minecraft:cooked_beef":5},"minecraft:crafted":{"minecraft:oak_planks":124,"minecraft:crafting_table":1,"minecraft:stick":8,"minecraft:wooden_pickaxe":1,"minecraft:stone_pickaxe":1,"minecraft:stone_sword":1,"minecraft:furnace":1,"minecraft:stone_axe":1},"minecraft:custom":{"minecraft:time_since_rest":16056,"minecraft:sprint_one_cm":22498,"minecraft:damage_taken":355,"minecraft:walk_one_cm":33063,"minecraft:mob_kills":5,"minecraft:damage_dealt":892,"minecraft:interact_with_crafting_table":3,"minecraft:swim_one_cm":3115,"minecraft:fly_one_cm":25434,"minecraft:crouch_one_cm":1977,"minecraft:play_time":16056,"minecraft:walk_under_water_one_cm":3323,"minecraft:sneak_time":747,"minecraft:jump":340,"minecraft:leave_game":1,"minecraft:time_since_death":16056,"minecraft:walk_on_water_one_cm":3487,"minecraft:total_world_time":16056,"minecraft:fall_one_cm":9011,"minecraft:horse_one_cm":2676},"minecraft:mined":{"minecraft:crafting_table":1,"minecraft:coal_ore":11,"minecraft:grass_block":1,"minecraft:oak_log":31,"minecraft:gravel":3,"minecraft:dirt":4,"minecraft:cobblestone":4,"minecraft:stone":16,"minecraft:sugar_cane":1,"minecraft:oak_leaves":4},"minecraft:killed":{"minecraft:zombie":2,"minecraft:cow":2}},"DataVersion":2975}