{"stats":{"minecraft:crafted":{"minecraft:oak_planks":32,"minecraft:shield":1,"minecraft:crafting_table":2,"minecraft:stick":8,"minecraft:wooden_pickaxe":1,"minecraft:stone_pickaxe":1,"minecraft:stone_sword":1},"minecraft:picked_up":{"minecraft:crafting_table":1,"minecraft:oak_log":8,"minecraft:shield":1,"minecraft:dirt":13,"minecraft:bow":1,"minecraft:iron_ingot":1,"minecraft:golden_apple":3,"minecraft:cobblestone":27},"minecraft:killed":{"minecraft:chicken":1},"minecraft:used":{"minecraft:stone_sword":2,"minecraft:wooden_pickaxe":27,"minecraft:dirt":5,"minecraft:crafting_table":2,"minecraft:cooked_beef":1},"minecraft:custom":{"minecraft:time_since_rest":11617,"minecraft:sprint_one_cm":46514,"minecraft:damage_taken":260,"minecraft:walk_one_cm":30835,"minecraft:mob_kills":1,"minecraft:drop":1,"minecraft:damage_dealt":30,"minecraft:swim_one_cm":7459,"minecraft:interact_with_crafting_table":3,"minecraft:fly_one_cm":15951,"minecraft:crouch_one_cm":2325,"minecraft:play_time":22363,"minecraft:deaths":1,"minecraft:sneak_time":676,"minecraft:walk_under_water_one_cm":1647,"minecraft:jump":87,"minecraft:leave_game":1,"minecraft:walk_on_water_one_cm":71,"minecraft:time_since_death":11603,"minecraft:total_world_time":22363,"minecraft:fall_one_cm":3122},"minecraft:mined":{"minecraft:crafting_table":1,"minecraft:grass":1,"minecraft:grass_block":5,"minecraft:oak_log":8,"minecraft:dirt":8,"minecraft:stone":27,"minecraft:oak_leaves":4},"minecraft:dropped":{"minecraft:shield":1}},"DataVersion":2975}