{"stats":{"minecraft:crafted":{"minecraft:oak_planks":32,"minecraft:shield":1,"minecraft:crafting_table":2,"minecraft:stick":28,"minecraft:wooden_pickaxe":1,"minecraft:stone_pickaxe":1,"minecraft:stone_sword":1},"minecraft:picked_up":{"minecraft:crafting_table":1,"minecraft:creeper_head":1,"minecraft:oak_log":8,"minecraft:spruce_log":4,"minecraft:gunpowder":1,"minecraft:shield":1,"minecraft:dirt":13,"minecraft:stone_sword":1,"minecraft:arrow":64,"minecraft:bow":1,"minecraft:iron_ingot":1,"minecraft:golden_apple":3,"minecraft:totem_of_undying":1,"minecraft:phantom_membrane":1,"minecraft:cobblestone":27},"minecraft:killed":{"minecraft:zombie":1,"minecraft:chicken":1,"minecraft:blaze":2},"minecraft:used":{"minecraft:stone_sword":22,"minecraft:shield":8,"minecraft:wooden_pickaxe":27,"minecraft:golden_apple":1,"minecraft:dirt":5,"minecraft:bow":18,"minecraft:crafting_table":2,"minecraft:cooked_beef":5},"minecraft:killed_by":{"minecraft:player":1},"minecraft:custom":{"minecraft:time_since_rest":3329,"minecraft:sprint_one_cm":94009,"minecraft:damage_absorbed":40,"minecraft:damage_taken":1020,"minecraft:walk_one_cm":79963,"minecraft:damage_blocked_by_shield":495,"minecraft:mob_kills":4,"minecraft:drop":3,"minecraft:damage_dealt":848,"minecraft:player_kills":1,"minecraft:talked_to_villager":6,"minecraft:swim_one_cm":7459,"minecraft:interact_with_crafting_table":3,"minecraft:fly_one_cm":62875,"minecraft:crouch_one_cm":3159,"minecraft:play_time":40363,"minecraft:deaths":2,"minecraft:bell_ring":1,"minecraft:sneak_time":1175,"minecraft:walk_under_water_one_cm":1647,"minecraft:jump":281,"minecraft:leave_game":1,"minecraft:walk_on_water_one_cm":71,"minecraft:time_since_death":3320,"minecraft:total_world_time":40363,"minecraft:fall_one_cm":6607},"minecraft:mined":{"minecraft:spruce_log":4,"minecraft:crafting_table":1,"minecraft:grass":1,"minecraft:grass_block":5,"minecraft:oak_log":8,"minecraft:dirt":8,"minecraft:stone":27,"minecraft:oak_leaves":4},"minecraft:dropped":{"minecraft:shield":1,"minecraft:gunpowder":1,"minecraft:stone_sword":1}},"DataVersion":2975}