{"stats":{"minecraft:broken":{"minecraft:bow":1},"minecraft:dropped":{"minecraft:stone_sword":1,"nethertitan:se_busca_eon":1,"minecraft:shield":1,"minecraft:gunpowder":1},"minecraft:crafted":{"minecraft:oak_planks":56,"minecraft:crafting_table":3,"minecraft:spruce_planks":40,"minecraft:wooden_pickaxe":1,"minecraft:cobblestone_stairs":4,"minecraft:oak_boat":1,"minecraft:wooden_hoe":1,"minecraft:shield":1,"minecraft:stick":28,"minecraft:stone_pickaxe":1,"minecraft:stone_sword":1},"minecraft:killed_by":{"minecraft:player":2,"minecraft:piglin_brute":1,"nethertitan:arambulo_verde":3,"minecraft:wither":2},"minecraft:killed":{"minecraft:evoker":1,"minecraft:vex":1,"minecraft:skeleton":2,"minecraft:zombie":6,"minecraft:chicken":1,"minecraft:blaze":3},"minecraft:used":{"minecraft:stone_sword":85,"minecraft:cobblestone_stairs":2,"minecraft:stone_pickaxe":1,"minecraft:wooden_pickaxe":27,"minecraft:shield":24,"minecraft:iron_sword":20,"minecraft:torch":2,"minecraft:golden_apple":4,"minecraft:dirt":5,"minecraft:crafting_table":4,"minecraft:wooden_hoe":24,"minecraft:totem_of_undying":1,"minecraft:cobblestone":6,"minecraft:bow":61,"minecraft:oak_boat":2,"minecraft:cooked_beef":23},"minecraft:custom":{"minecraft:mob_kills":13,"minecraft:interact_with_crafting_table":8,"minecraft:bell_ring":1,"minecraft:leave_game":3,"minecraft:time_since_death":11031,"minecraft:sleep_in_bed":1,"minecraft:time_since_rest":11066,"minecraft:damage_absorbed":160,"minecraft:sprint_one_cm":240410,"minecraft:open_enderchest":2,"minecraft:damage_taken":5535,"minecraft:walk_one_cm":216055,"minecraft:damage_blocked_by_shield":1050,"minecraft:drop":4,"minecraft:damage_dealt":5067,"minecraft:damage_dealt_absorbed":3,"minecraft:swim_one_cm":8486,"minecraft:talked_to_villager":7,"minecraft:fly_one_cm":210623,"minecraft:player_kills":1,"minecraft:open_chest":3,"minecraft:crouch_one_cm":5992,"minecraft:play_time":110272,"minecraft:deaths":10,"minecraft:sneak_time":2250,"minecraft:walk_under_water_one_cm":1991,"minecraft:boat_one_cm":53027,"minecraft:jump":910,"minecraft:walk_on_water_one_cm":648,"minecraft:total_world_time":110272,"minecraft:fall_one_cm":17049},"minecraft:picked_up":{"minecraft:crafting_table":1,"nethertitan:arambulo_pata_2":1,"minecraft:creeper_head":1,"minecraft:potato":1,"minecraft:wither_rose":1,"minecraft:oak_log":14,"minecraft:gunpowder":3,"minecraft:shield":1,"minecraft:cobblestone_wall":1,"minecraft:dirt":13,"minecraft:item_frame":1,"minecraft:bone":2,"minecraft:bow":1,"minecraft:spruce_planks":1,"minecraft:iron_ingot":1,"minecraft:oak_boat":1,"minecraft:iron_sword":1,"minecraft:phantom_membrane":1,"minecraft:stick":3,"minecraft:torch":4,"minecraft:spruce_sapling":1,"minecraft:spruce_log":10,"nethertitan:se_busca_eon":1,"minecraft:stone_sword":1,"minecraft:arrow":66,"minecraft:rotten_flesh":9,"minecraft:golden_apple":3,"minecraft:emerald":1,"minecraft:totem_of_undying":4,"minecraft:oak_sapling":1,"minecraft:cobblestone":27},"minecraft:mined":{"minecraft:spruce_planks":1,"minecraft:crafting_table":1,"minecraft:torch":1,"minecraft:grass_block":5,"minecraft:spruce_leaves":13,"minecraft:wall_torch":1,"minecraft:cobblestone_wall":1,"minecraft:spruce_log":11,"minecraft:grass":1,"minecraft:oak_log":14,"minecraft:dirt":8,"minecraft:stone":27,"minecraft:oak_leaves":5,"minecraft:fern":1}},"DataVersion":2975}