{"stats":{"minecraft:picked_up":{"minecraft:dirt":2},"minecraft:killed_by":{"nethertitan:arambulo_verde":1},"minecraft:custom":{"minecraft:jump":91,"minecraft:time_since_rest":759,"minecraft:deaths":1,"minecraft:damage_dealt":20,"minecraft:crouch_one_cm":7803,"minecraft:leave_game":3,"minecraft:play_time":14927,"minecraft:sprint_one_cm":19180,"minecraft:damage_taken":385,"minecraft:time_since_death":751,"minecraft:walk_one_cm":13143,"minecraft:sneak_time":2053,"minecraft:total_world_time":14927,"minecraft:fall_one_cm":2899,"minecraft:fly_one_cm":24232},"minecraft:mined":{"minecraft:grass_block":2,"minecraft:dirt":1}},"DataVersion":2975}