{"stats":{"minecraft:crafted":{"minecraft:oak_planks":4,"minecraft:crafting_table":1},"minecraft:picked_up":{"minecraft:ender_chest":1,"minecraft:rotten_flesh":1,"minecraft:oak_log":1,"minecraft:dirt":7},"minecraft:used":{"minecraft:ender_chest":1},"minecraft:killed_by":{"nethertitan:arambulo_verde":1},"minecraft:custom":{"minecraft:time_since_rest":12720,"minecraft:open_enderchest":1,"minecraft:walk_one_cm":25365,"minecraft:crouch_one_cm":9845,"minecraft:sprint_one_cm":37053,"minecraft:play_time":26888,"minecraft:damage_taken":560,"minecraft:deaths":1,"minecraft:sneak_time":2812,"minecraft:walk_under_water_one_cm":1895,"minecraft:jump":181,"minecraft:damage_dealt":20,"minecraft:leave_game":3,"minecraft:time_since_death":12712,"minecraft:walk_on_water_one_cm":2269,"minecraft:total_world_time":26888,"minecraft:swim_one_cm":3584,"minecraft:fall_one_cm":4841,"minecraft:fly_one_cm":86590},"minecraft:mined":{"minecraft:grass_block":7,"minecraft:oak_log":1,"minecraft:dirt":1}},"DataVersion":2975}