{"stats":{"minecraft:crafted":{"minecraft:oak_door":3,"minecraft:oak_planks":52,"minecraft:diamond_sword":1,"minecraft:crafting_table":3,"minecraft:spruce_planks":12,"minecraft:iron_helmet":1,"minecraft:wooden_pickaxe":1,"minecraft:furnace":1,"minecraft:bucket":1,"minecraft:stone_axe":1,"minecraft:air":0,"minecraft:flint_and_steel":1,"minecraft:bow":1,"minecraft:iron_boots":1,"minecraft:iron_chestplate":1,"minecraft:diamond_pickaxe":1,"minecraft:shield":1,"minecraft:iron_axe":1,"minecraft:stick":32,"minecraft:iron_ingot":29,"minecraft:iron_pickaxe":1,"minecraft:stone_pickaxe":1,"minecraft:chest":2,"minecraft:white_bed":1,"minecraft:iron_leggings":1,"minecraft:torch":56},"minecraft:picked_up":{"minecraft:magma_block":3,"minecraft:crafting_table":4,"minecraft:creeper_head":1,"minecraft:leather":2,"nethertitan:arambulo_pata_3":2,"minecraft:tuff":7,"minecraft:oak_log":69,"minecraft:lapis_lazuli":13,"minecraft:dirt":70,"minecraft:string":14,"minecraft:zombie_head":1,"minecraft:cobbled_deepslate":35,"minecraft:raw_gold":14,"minecraft:iron_ingot":11,"minecraft:beef":3,"minecraft:stone_pickaxe":1,"minecraft:sugar_cane":20,"minecraft:chest":1,"minecraft:oak_planks":1,"minecraft:furnace":4,"minecraft:raw_iron":31,"minecraft:stick":5,"minecraft:oak_door":6,"minecraft:torch":33,"minecraft:porkchop":1,"minecraft:white_bed":1,"minecraft:spruce_log":3,"minecraft:redstone":27,"minecraft:spider_eye":2,"minecraft:arrow":3,"minecraft:rotten_flesh":1,"minecraft:diamond":9,"minecraft:stone_axe":1,"minecraft:bread":278,"minecraft:obsidian":6,"minecraft:oak_sapling":2,"minecraft:netherrack":5,"minecraft:black_wool":2,"minecraft:glow_berries":23,"minecraft:mutton":12,"minecraft:coal":96,"minecraft:white_wool":6,"minecraft:cobblestone":159},"minecraft:killed":{"minecraft:cave_spider":2,"minecraft:pig":1,"minecraft:spider":5,"minecraft:sheep":4,"minecraft:skeleton":3,"minecraft:zombie":4,"minecraft:skeleton_horse":1,"nethertitan:arambulo_morado":1,"minecraft:cow":1},"minecraft:used":{"minecraft:water_bucket":21,"minecraft:flint_and_steel":1,"minecraft:stone_pickaxe":101,"minecraft:chest":3,"minecraft:wooden_pickaxe":6,"minecraft:shield":26,"minecraft:netherrack":1,"minecraft:iron_chestplate":1,"minecraft:oak_door":3,"minecraft:torch":41,"minecraft:dirt":45,"minecraft:crafting_table":6,"minecraft:white_bed":1,"minecraft:obsidian":2,"minecraft:diamond_pickaxe":12,"minecraft:bread":68,"minecraft:iron_axe":14,"minecraft:iron_pickaxe":136,"minecraft:iron_boots":1,"minecraft:stone_axe":62,"minecraft:diamond_sword":25,"minecraft:furnace":4,"minecraft:oak_sapling":2,"minecraft:bucket":22,"minecraft:cobbled_deepslate":6,"minecraft:iron_leggings":1},"minecraft:killed_by":{"nethertitan:arambulo":1,"minecraft:creeper":1},"minecraft:custom":{"minecraft:interact_with_furnace":21,"minecraft:mob_kills":21,"minecraft:interact_with_crafting_table":19,"minecraft:leave_game":2,"minecraft:time_since_death":16149,"minecraft:time_since_rest":16156,"minecraft:sprint_one_cm":344954,"minecraft:damage_taken":3588,"minecraft:walk_one_cm":141148,"minecraft:damage_blocked_by_shield":2540,"minecraft:drop":23,"minecraft:damage_dealt":3806,"minecraft:swim_one_cm":128669,"minecraft:fly_one_cm":203306,"minecraft:open_chest":7,"minecraft:crouch_one_cm":12287,"minecraft:play_time":86108,"minecraft:deaths":2,"minecraft:sneak_time":8670,"minecraft:walk_under_water_one_cm":22532,"minecraft:jump":1090,"minecraft:total_world_time":86108,"minecraft:fall_one_cm":39507,"minecraft:walk_on_water_one_cm":22894},"minecraft:mined":{"minecraft:deepslate_redstone_ore":6,"minecraft:tuff":7,"minecraft:white_bed":1,"minecraft:deepslate_diamond_ore":9,"minecraft:oak_door":3,"minecraft:obsidian":5,"minecraft:crafting_table":3,"minecraft:torch":1,"minecraft:grass_block":6,"minecraft:chest":1,"minecraft:deepslate_gold_ore":6,"minecraft:lapis_ore":2,"minecraft:sugar_cane":4,"minecraft:wall_torch":4,"minecraft:large_fern":2,"minecraft:magma_block":2,"minecraft:furnace":4,"minecraft:iron_ore":2,"minecraft:fire":1,"minecraft:cobbled_deepslate":3,"minecraft:creeper_head":1,"minecraft:grass":1,"minecraft:coal_ore":43,"minecraft:oak_log":37,"minecraft:deepslate_iron_ore":26,"minecraft:dirt":12,"minecraft:gold_ore":1,"minecraft:stone":88,"minecraft:oak_leaves":9,"minecraft:deepslate":37,"minecraft:netherrack":3},"minecraft:dropped":{"minecraft:oak_door":3,"minecraft:bread":57,"minecraft:stone_axe":1,"minecraft:porkchop":1,"minecraft:tuff":7,"minecraft:obsidian":1,"minecraft:rotten_flesh":1,"minecraft:glow_berries":18,"minecraft:oak_planks":1,"minecraft:activator_rail":2,"minecraft:rail":15,"nethertitan:arambulo_pata_3":2,"minecraft:mutton":6,"minecraft:arrow":1,"minecraft:stone_pickaxe":1,"minecraft:beef":3,"minecraft:wooden_pickaxe":1,"minecraft:raw_gold":7,"minecraft:black_wool":1,"minecraft:netherrack":3}},"DataVersion":2975}