{"stats":{"minecraft:picked_up":{"minecraft:coarse_dirt":1,"minecraft:seagrass":5,"minecraft:crafting_table":5,"nethertitan:arambulo_pata_2":5,"minecraft:creeper_head":1,"minecraft:diamond_sword":2,"nethertitan:arambulo_pata_3":11,"minecraft:shield":1,"minecraft:string":17,"minecraft:raw_copper":9,"minecraft:zombie_head":1,"minecraft:oak_sign":1,"minecraft:gold_nugget":76,"minecraft:cobbled_deepslate":35,"minecraft:spruce_planks":14,"minecraft:beef":3,"minecraft:sugar_cane":62,"minecraft:chest":3,"minecraft:furnace":4,"minecraft:stick":20,"minecraft:raw_iron":51,"minecraft:oak_door":9,"minecraft:torch":43,"minecraft:porkchop":1,"minecraft:redstone":27,"minecraft:quartz_block":5,"nethertitan:arambulo_pata":2,"minecraft:arrow":139,"minecraft:rotten_flesh":21,"minecraft:totem_of_undying":3,"minecraft:blaze_rod":5,"minecraft:glow_berries":32,"minecraft:obsidian":19,"minecraft:mutton":12,"minecraft:white_wool":7,"minecraft:cobblestone":891,"minecraft:enchanting_table":2,"minecraft:magma_block":3,"minecraft:cooked_beef":26,"minecraft:andesite":52,"minecraft:salmon":1,"minecraft:leather":2,"minecraft:tuff":7,"minecraft:oak_log":117,"minecraft:lapis_lazuli":13,"minecraft:dirt":108,"minecraft:polished_granite":10,"minecraft:cooked_mutton":2,"minecraft:bone":4,"minecraft:bow":1,"minecraft:wheat_seeds":3,"minecraft:raw_gold":14,"minecraft:iron_ingot":16,"minecraft:stone_pickaxe":1,"minecraft:glowstone_dust":61,"minecraft:oak_planks":17,"minecraft:soul_sand":16,"minecraft:quartz":26,"minecraft:sand":55,"minecraft:spruce_sapling":10,"minecraft:white_bed":1,"minecraft:spruce_log":51,"minecraft:spruce_door":1,"minecraft:mossy_stone_brick_slab":1,"minecraft:spider_eye":5,"minecraft:diamond":9,"minecraft:stone_axe":1,"minecraft:granite":433,"minecraft:golden_apple":10,"minecraft:bread":310,"minecraft:emerald":3,"minecraft:oak_sapling":6,"minecraft:netherrack":157,"minecraft:black_wool":2,"minecraft:coal":136,"minecraft:ender_pearl":1},"minecraft:used":{"minecraft:flint_and_steel":11,"minecraft:enchanting_table":3,"minecraft:stone_shovel":60,"minecraft:oak_sign":1,"minecraft:chest":5,"minecraft:spruce_planks":185,"minecraft:shield":101,"minecraft:rotten_flesh":2,"minecraft:mossy_stone_brick_slab":1,"minecraft:netherrack":75,"minecraft:iron_chestplate":1,"minecraft:oak_door":6,"minecraft:torch":50,"minecraft:soul_sand":5,"minecraft:dirt":81,"minecraft:granite":18,"minecraft:obsidian":14,"minecraft:glass":4,"minecraft:iron_axe":193,"minecraft:quartz_block":11,"minecraft:iron_boots":1,"minecraft:totem_of_undying":6,"minecraft:glowstone":15,"minecraft:bow":88,"minecraft:oak_sapling":2,"minecraft:furnace":6,"minecraft:cooked_beef":30,"minecraft:cobbled_deepslate":6,"minecraft:iron_leggings":1,"minecraft:cooked_mutton":2,"minecraft:water_bucket":49,"minecraft:spruce_door":4,"minecraft:stone_pickaxe":101,"minecraft:polished_andesite":22,"minecraft:oak_planks":157,"minecraft:ender_pearl":1,"minecraft:wooden_pickaxe":6,"minecraft:sugar_cane":19,"minecraft:salmon":1,"minecraft:golden_apple":16,"minecraft:sand":2,"minecraft:crafting_table":10,"minecraft:white_bed":2,"minecraft:oak_log":6,"minecraft:diamond_pickaxe":1391,"minecraft:iron_pickaxe":249,"minecraft:zombie_head":1,"minecraft:bread":169,"minecraft:polished_granite":103,"minecraft:stone_axe":62,"minecraft:diamond_sword":278,"minecraft:cobblestone":161,"minecraft:coarse_dirt":1,"minecraft:andesite":9,"minecraft:bucket":50,"minecraft:golden_pickaxe":30,"minecraft:glass_pane":59},"minecraft:broken":{"minecraft:iron_boots":2,"minecraft:iron_chestplate":2,"minecraft:iron_leggings":2,"minecraft:iron_pickaxe":1,"minecraft:iron_helmet":1},"minecraft:custom":{"minecraft:mob_kills":86,"minecraft:animals_bred":2,"minecraft:interact_with_crafting_table":40,"minecraft:leave_game":11,"minecraft:time_since_death":8432,"minecraft:sprint_one_cm":964118,"minecraft:damage_blocked_by_shield":6057,"minecraft:walk_one_cm":940303,"minecraft:drop":92,"minecraft:damage_dealt_absorbed":12,"minecraft:play_time":410181,"minecraft:sneak_time":23226,"minecraft:deaths":18,"minecraft:walk_under_water_one_cm":62446,"minecraft:jump":3820,"minecraft:enchant_item":2,"minecraft:walk_on_water_one_cm":93297,"minecraft:total_world_time":410181,"minecraft:interact_with_furnace":38,"minecraft:sleep_in_bed":1,"minecraft:time_since_rest":8439,"minecraft:damage_taken":17643,"minecraft:damage_absorbed":646,"minecraft:damage_dealt":17289,"minecraft:player_kills":4,"minecraft:swim_one_cm":437041,"minecraft:fly_one_cm":750155,"minecraft:open_chest":68,"minecraft:crouch_one_cm":44626,"minecraft:fall_one_cm":106500,"minecraft:horse_one_cm":7145},"minecraft:crafted":{"minecraft:oak_door":6,"minecraft:oak_planks":268,"minecraft:stone_shovel":1,"minecraft:oak_sign":3,"minecraft:furnace":2,"minecraft:flint_and_steel":1,"minecraft:glass_pane":112,"minecraft:glass":46,"minecraft:quartz_block":6,"minecraft:bow":2,"minecraft:iron_boots":2,"minecraft:iron_axe":1,"minecraft:stone_pickaxe":1,"minecraft:chest":2,"minecraft:diamond_sword":1,"minecraft:crafting_table":6,"minecraft:spruce_planks":204,"minecraft:enchanting_table":1,"minecraft:wooden_pickaxe":1,"minecraft:iron_helmet":1,"minecraft:spruce_door":3,"minecraft:golden_pickaxe":1,"minecraft:polished_granite":120,"minecraft:bucket":1,"minecraft:stone_axe":1,"minecraft:glowstone":15,"minecraft:air":0,"minecraft:iron_chestplate":2,"minecraft:book":1,"minecraft:paper":9,"minecraft:diamond_pickaxe":1,"minecraft:shield":3,"minecraft:stick":44,"minecraft:iron_ingot":49,"minecraft:iron_pickaxe":1,"minecraft:iron_leggings":2,"minecraft:gold_ingot":7,"minecraft:white_bed":1,"minecraft:torch":56,"minecraft:polished_andesite":24},"minecraft:mined":{"minecraft:nether_gold_ore":18,"minecraft:tuff":7,"minecraft:spruce_planks":14,"minecraft:white_bed":1,"minecraft:deepslate_diamond_ore":9,"minecraft:oak_door":4,"minecraft:mossy_stone_brick_slab":1,"minecraft:obsidian":19,"minecraft:granite":440,"minecraft:grass_block":14,"minecraft:spruce_leaves":14,"minecraft:large_fern":3,"minecraft:tall_seagrass":6,"minecraft:magma_block":2,"minecraft:glowstone":22,"minecraft:furnace":4,"minecraft:iron_ore":22,"minecraft:fire":24,"minecraft:cobbled_deepslate":3,"minecraft:andesite":52,"minecraft:enchanting_table":2,"minecraft:oak_sign":1,"minecraft:deepslate_iron_ore":26,"minecraft:azalea_leaves":2,"minecraft:stone":809,"minecraft:deepslate_redstone_ore":6,"minecraft:glass_pane":1,"minecraft:quartz_block":5,"minecraft:soul_sand":16,"minecraft:spruce_door":1,"minecraft:polished_granite":10,"minecraft:crafting_table":4,"minecraft:torch":4,"minecraft:chest":3,"minecraft:nether_quartz_ore":25,"minecraft:copper_ore":2,"minecraft:cobblestone":42,"minecraft:deepslate_gold_ore":6,"minecraft:lapis_ore":2,"minecraft:oak_planks":15,"minecraft:sugar_cane":27,"minecraft:wall_torch":7,"minecraft:seagrass":9,"minecraft:coarse_dirt":1,"minecraft:creeper_head":1,"minecraft:spruce_log":49,"minecraft:grass":2,"minecraft:coal_ore":62,"minecraft:oak_log":85,"minecraft:dirt":43,"minecraft:sand":55,"minecraft:gold_ore":1,"minecraft:deepslate":37,"minecraft:oak_leaves":32,"minecraft:netherrack":122,"minecraft:fern":3},"minecraft:killed_by":{"minecraft:player":7,"minecraft:creeper":3,"nethertitan:arambulo":3,"nethertitan:arambulo_verde":3,"minecraft:wither":1},"minecraft:killed":{"minecraft:evoker":1,"minecraft:vex":6,"minecraft:cave_spider":7,"minecraft:zombified_piglin":6,"minecraft:endermite":1,"minecraft:spider":7,"minecraft:phantom":1,"minecraft:skeleton":6,"nethertitan:arambulo":1,"minecraft:drowned":1,"minecraft:turtle":3,"minecraft:skeleton_horse":1,"minecraft:pig":1,"minecraft:salmon":1,"minecraft:sheep":4,"nethertitan:arambulo_verde":1,"minecraft:zombie":20,"nethertitan:arambulo_morado":4,"minecraft:blaze":5,"minecraft:enderman":1,"minecraft:cow":2},"minecraft:dropped":{"minecraft:iron_ingot":11,"minecraft:bread":75,"minecraft:porkchop":1,"minecraft:wheat_seeds":2,"minecraft:oak_log":12,"minecraft:cobblestone":10,"minecraft:glow_berries":36,"minecraft:leather":1,"minecraft:granite":1,"minecraft:activator_rail":2,"minecraft:rail":15,"minecraft:coal":21,"minecraft:golden_apple":3,"minecraft:stick":2,"minecraft:polished_andesite":1,"minecraft:torch":28,"minecraft:mutton":6,"minecraft:seagrass":1,"minecraft:sand":1,"minecraft:iron_pickaxe":1,"minecraft:string":3,"minecraft:white_wool":1,"minecraft:spruce_sapling":10,"nethertitan:arambulo_pata":2,"minecraft:oak_door":3,"minecraft:stone_axe":1,"minecraft:sugar_cane":24,"minecraft:cobbled_deepslate":29,"minecraft:tuff":7,"minecraft:obsidian":1,"minecraft:rotten_flesh":18,"minecraft:oak_planks":2,"nethertitan:arambulo_pata_3":11,"minecraft:diamond_sword":2,"minecraft:shield":3,"minecraft:spruce_planks":1,"minecraft:andesite":5,"nethertitan:arambulo_pata_2":5,"minecraft:oak_sapling":4,"minecraft:spider_eye":3,"minecraft:bow":2,"minecraft:arrow":8,"minecraft:beef":3,"minecraft:stone_pickaxe":1,"minecraft:wooden_pickaxe":1,"minecraft:raw_gold":7,"minecraft:netherrack":4,"minecraft:black_wool":1}},"DataVersion":2975}