{"stats":{"minecraft:crafted":{"minecraft:oak_door":3,"minecraft:oak_planks":28,"minecraft:diamond_sword":1,"minecraft:crafting_table":2,"minecraft:spruce_planks":12,"minecraft:iron_helmet":1,"minecraft:wooden_pickaxe":1,"minecraft:furnace":1,"minecraft:bucket":1,"minecraft:stone_axe":1,"minecraft:air":0,"minecraft:flint_and_steel":1,"minecraft:iron_boots":1,"minecraft:iron_chestplate":1,"minecraft:diamond_pickaxe":1,"minecraft:shield":1,"minecraft:iron_axe":1,"minecraft:stick":32,"minecraft:iron_ingot":29,"minecraft:iron_pickaxe":1,"minecraft:stone_pickaxe":1,"minecraft:iron_leggings":1,"minecraft:torch":56},"minecraft:picked_up":{"minecraft:crafting_table":4,"minecraft:magma_block":3,"minecraft:creeper_head":1,"minecraft:leather":2,"nethertitan:arambulo_pata_3":2,"minecraft:tuff":7,"minecraft:oak_log":69,"minecraft:lapis_lazuli":13,"minecraft:dirt":63,"minecraft:string":14,"minecraft:zombie_head":1,"minecraft:cobbled_deepslate":35,"minecraft:raw_gold":14,"minecraft:iron_ingot":11,"minecraft:beef":3,"minecraft:stone_pickaxe":1,"minecraft:sugar_cane":20,"minecraft:oak_planks":1,"minecraft:furnace":2,"minecraft:stick":5,"minecraft:raw_iron":31,"minecraft:oak_door":6,"minecraft:torch":33,"minecraft:porkchop":1,"minecraft:spruce_log":3,"minecraft:redstone":27,"minecraft:spider_eye":2,"minecraft:arrow":3,"minecraft:rotten_flesh":1,"minecraft:diamond":9,"minecraft:stone_axe":1,"minecraft:obsidian":3,"minecraft:netherrack":4,"minecraft:glow_berries":5,"minecraft:bread":278,"minecraft:oak_sapling":2,"minecraft:black_wool":2,"minecraft:mutton":12,"minecraft:coal":84,"minecraft:white_wool":6,"minecraft:cobblestone":159},"minecraft:killed":{"minecraft:cave_spider":2,"minecraft:pig":1,"minecraft:spider":5,"minecraft:skeleton":3,"minecraft:sheep":4,"minecraft:zombie":4,"minecraft:skeleton_horse":1,"nethertitan:arambulo_morado":1,"minecraft:cow":1},"minecraft:used":{"minecraft:water_bucket":21,"minecraft:flint_and_steel":1,"minecraft:stone_pickaxe":101,"minecraft:shield":26,"minecraft:wooden_pickaxe":6,"minecraft:netherrack":1,"minecraft:iron_chestplate":1,"minecraft:oak_door":3,"minecraft:torch":41,"minecraft:dirt":40,"minecraft:crafting_table":5,"minecraft:obsidian":2,"minecraft:diamond_pickaxe":4,"minecraft:iron_axe":13,"minecraft:bread":66,"minecraft:iron_pickaxe":136,"minecraft:iron_boots":1,"minecraft:stone_axe":62,"minecraft:diamond_sword":25,"minecraft:furnace":2,"minecraft:oak_sapling":2,"minecraft:bucket":22,"minecraft:cobbled_deepslate":6,"minecraft:iron_leggings":1},"minecraft:killed_by":{"nethertitan:arambulo":1,"minecraft:creeper":1},"minecraft:custom":{"minecraft:interact_with_furnace":20,"minecraft:mob_kills":21,"minecraft:interact_with_crafting_table":16,"minecraft:leave_game":1,"minecraft:time_since_death":7768,"minecraft:time_since_rest":7775,"minecraft:sprint_one_cm":331316,"minecraft:damage_taken":3588,"minecraft:walk_one_cm":130694,"minecraft:damage_blocked_by_shield":2540,"minecraft:drop":22,"minecraft:damage_dealt":3806,"minecraft:swim_one_cm":126064,"minecraft:fly_one_cm":194501,"minecraft:open_chest":2,"minecraft:crouch_one_cm":12105,"minecraft:play_time":77727,"minecraft:deaths":2,"minecraft:sneak_time":8024,"minecraft:walk_under_water_one_cm":21894,"minecraft:jump":1042,"minecraft:walk_on_water_one_cm":22251,"minecraft:total_world_time":77727,"minecraft:fall_one_cm":38462},"minecraft:mined":{"minecraft:deepslate_redstone_ore":6,"minecraft:tuff":7,"minecraft:deepslate_diamond_ore":9,"minecraft:oak_door":3,"minecraft:obsidian":2,"minecraft:crafting_table":3,"minecraft:torch":1,"minecraft:deepslate_gold_ore":6,"minecraft:lapis_ore":2,"minecraft:sugar_cane":4,"minecraft:wall_torch":4,"minecraft:large_fern":2,"minecraft:magma_block":2,"minecraft:furnace":2,"minecraft:cobbled_deepslate":3,"minecraft:iron_ore":2,"minecraft:fire":1,"minecraft:creeper_head":1,"minecraft:grass":1,"minecraft:oak_log":37,"minecraft:coal_ore":43,"minecraft:deepslate_iron_ore":26,"minecraft:dirt":11,"minecraft:netherrack":3,"minecraft:stone":88,"minecraft:gold_ore":1,"minecraft:deepslate":37,"minecraft:oak_leaves":9},"minecraft:dropped":{"minecraft:oak_door":3,"minecraft:bread":57,"minecraft:stone_axe":1,"minecraft:porkchop":1,"minecraft:tuff":7,"minecraft:obsidian":1,"minecraft:glow_berries":9,"minecraft:rotten_flesh":1,"minecraft:oak_planks":1,"minecraft:activator_rail":2,"minecraft:rail":15,"nethertitan:arambulo_pata_3":2,"minecraft:mutton":6,"minecraft:arrow":1,"minecraft:beef":3,"minecraft:stone_pickaxe":1,"minecraft:wooden_pickaxe":1,"minecraft:raw_gold":7,"minecraft:netherrack":3,"minecraft:black_wool":1}},"DataVersion":2975}