{"stats":{"minecraft:crafted":{"minecraft:oak_planks":20,"minecraft:crafting_table":1,"minecraft:stick":8,"minecraft:wooden_pickaxe":1,"minecraft:stone_pickaxe":1,"minecraft:torch":4,"minecraft:stone_axe":1},"minecraft:picked_up":{"minecraft:crafting_table":1,"minecraft:porkchop":1,"minecraft:oak_log":37,"minecraft:dirt":9,"minecraft:bread":94,"minecraft:oak_sapling":2,"minecraft:sugar_cane":10,"minecraft:coal":8,"minecraft:cobblestone":69},"minecraft:killed":{"minecraft:pig":1},"minecraft:used":{"minecraft:stone_pickaxe":73,"minecraft:bread":10,"minecraft:wooden_pickaxe":6,"minecraft:stone_axe":45,"minecraft:torch":1,"minecraft:dirt":8,"minecraft:crafting_table":1,"minecraft:oak_sapling":2},"minecraft:custom":{"minecraft:time_since_rest":16656,"minecraft:sprint_one_cm":71422,"minecraft:damage_taken":420,"minecraft:walk_one_cm":21820,"minecraft:mob_kills":1,"minecraft:drop":2,"minecraft:damage_dealt":220,"minecraft:interact_with_crafting_table":2,"minecraft:swim_one_cm":23546,"minecraft:fly_one_cm":42660,"minecraft:crouch_one_cm":4376,"minecraft:play_time":16656,"minecraft:sneak_time":2781,"minecraft:walk_under_water_one_cm":2867,"minecraft:jump":190,"minecraft:walk_on_water_one_cm":3634,"minecraft:time_since_death":16656,"minecraft:total_world_time":16656,"minecraft:fall_one_cm":6522},"minecraft:mined":{"minecraft:fire":1,"minecraft:crafting_table":1,"minecraft:grass":1,"minecraft:coal_ore":8,"minecraft:oak_log":37,"minecraft:dirt":9,"minecraft:stone":69,"minecraft:sugar_cane":4,"minecraft:oak_leaves":9},"minecraft:dropped":{"minecraft:porkchop":1,"minecraft:wooden_pickaxe":1}},"DataVersion":2975}