{"stats":{"minecraft:picked_up":{"minecraft:seagrass":5,"minecraft:crafting_table":5,"nethertitan:arambulo_pata_2":3,"minecraft:creeper_head":1,"nethertitan:arambulo_pata_3":11,"minecraft:string":15,"minecraft:zombie_head":1,"minecraft:oak_sign":1,"minecraft:gold_nugget":73,"minecraft:cobbled_deepslate":35,"minecraft:beef":3,"minecraft:sugar_cane":50,"minecraft:chest":3,"minecraft:furnace":4,"minecraft:stick":7,"minecraft:raw_iron":51,"minecraft:oak_door":6,"minecraft:torch":35,"minecraft:porkchop":1,"minecraft:redstone":27,"nethertitan:arambulo_pata":2,"minecraft:arrow":5,"minecraft:rotten_flesh":14,"minecraft:glow_berries":32,"minecraft:obsidian":19,"minecraft:mutton":12,"minecraft:white_wool":6,"minecraft:cobblestone":555,"minecraft:enchanting_table":2,"minecraft:magma_block":3,"minecraft:andesite":9,"minecraft:leather":2,"minecraft:tuff":7,"minecraft:oak_log":75,"minecraft:lapis_lazuli":13,"minecraft:dirt":96,"minecraft:bone":2,"minecraft:wheat_seeds":1,"minecraft:raw_gold":14,"minecraft:iron_ingot":16,"minecraft:stone_pickaxe":1,"minecraft:glowstone_dust":53,"minecraft:soul_sand":15,"minecraft:oak_planks":2,"minecraft:quartz":26,"minecraft:sand":3,"minecraft:white_bed":1,"minecraft:spruce_log":3,"minecraft:mossy_stone_brick_slab":1,"minecraft:spider_eye":4,"minecraft:diamond":9,"minecraft:stone_axe":1,"minecraft:granite":242,"minecraft:golden_apple":10,"minecraft:bread":310,"minecraft:oak_sapling":2,"minecraft:netherrack":148,"minecraft:black_wool":2,"minecraft:coal":135},"minecraft:used":{"minecraft:enchanting_table":3,"minecraft:flint_and_steel":5,"minecraft:oak_sign":1,"minecraft:chest":5,"minecraft:shield":101,"minecraft:mossy_stone_brick_slab":1,"minecraft:rotten_flesh":2,"minecraft:netherrack":53,"minecraft:iron_chestplate":1,"minecraft:oak_door":6,"minecraft:torch":46,"minecraft:dirt":70,"minecraft:granite":18,"minecraft:obsidian":14,"minecraft:iron_axe":30,"minecraft:iron_boots":1,"minecraft:oak_sapling":2,"minecraft:furnace":6,"minecraft:cobbled_deepslate":6,"minecraft:iron_leggings":1,"minecraft:water_bucket":37,"minecraft:stone_pickaxe":101,"minecraft:wooden_pickaxe":6,"minecraft:sugar_cane":7,"minecraft:golden_apple":7,"minecraft:sand":2,"minecraft:crafting_table":9,"minecraft:white_bed":2,"minecraft:oak_log":6,"minecraft:diamond_pickaxe":784,"minecraft:zombie_head":1,"minecraft:bread":169,"minecraft:iron_pickaxe":249,"minecraft:stone_axe":62,"minecraft:diamond_sword":157,"minecraft:cobblestone":50,"minecraft:andesite":9,"minecraft:bucket":38},"minecraft:broken":{"minecraft:iron_boots":1,"minecraft:iron_chestplate":1,"minecraft:iron_leggings":1,"minecraft:iron_pickaxe":1,"minecraft:iron_helmet":1},"minecraft:custom":{"minecraft:mob_kills":46,"minecraft:animals_bred":2,"minecraft:interact_with_crafting_table":33,"minecraft:leave_game":4,"minecraft:time_since_death":18820,"minecraft:sprint_one_cm":697769,"minecraft:walk_one_cm":499542,"minecraft:damage_blocked_by_shield":6057,"minecraft:drop":67,"minecraft:play_time":283401,"minecraft:deaths":14,"minecraft:sneak_time":20536,"minecraft:walk_under_water_one_cm":46133,"minecraft:jump":2901,"minecraft:walk_on_water_one_cm":67787,"minecraft:total_world_time":283401,"minecraft:interact_with_furnace":32,"minecraft:sleep_in_bed":1,"minecraft:time_since_rest":18826,"minecraft:damage_taken":12089,"minecraft:damage_absorbed":93,"minecraft:damage_dealt":10593,"minecraft:swim_one_cm":310289,"minecraft:fly_one_cm":529579,"minecraft:player_kills":3,"minecraft:open_chest":32,"minecraft:crouch_one_cm":35502,"minecraft:fall_one_cm":90291,"minecraft:horse_one_cm":7145},"minecraft:crafted":{"minecraft:oak_door":6,"minecraft:oak_planks":100,"minecraft:oak_sign":3,"minecraft:furnace":2,"minecraft:flint_and_steel":1,"minecraft:quartz_block":6,"minecraft:bow":1,"minecraft:iron_boots":2,"minecraft:iron_axe":1,"minecraft:stone_pickaxe":1,"minecraft:chest":2,"minecraft:diamond_sword":1,"minecraft:crafting_table":5,"minecraft:spruce_planks":12,"minecraft:enchanting_table":1,"minecraft:wooden_pickaxe":1,"minecraft:iron_helmet":1,"minecraft:bucket":1,"minecraft:stone_axe":1,"minecraft:air":0,"minecraft:iron_chestplate":2,"minecraft:book":1,"minecraft:paper":9,"minecraft:diamond_pickaxe":1,"minecraft:shield":2,"minecraft:stick":36,"minecraft:iron_pickaxe":1,"minecraft:iron_ingot":49,"minecraft:gold_ingot":7,"minecraft:iron_leggings":2,"minecraft:white_bed":1,"minecraft:torch":56},"minecraft:mined":{"minecraft:nether_gold_ore":18,"minecraft:tuff":7,"minecraft:white_bed":1,"minecraft:deepslate_diamond_ore":9,"minecraft:mossy_stone_brick_slab":1,"minecraft:oak_door":3,"minecraft:obsidian":19,"minecraft:granite":246,"minecraft:grass_block":7,"minecraft:spruce_leaves":4,"minecraft:large_fern":2,"minecraft:magma_block":2,"minecraft:glowstone":19,"minecraft:furnace":4,"minecraft:iron_ore":22,"minecraft:cobbled_deepslate":3,"minecraft:fire":19,"minecraft:andesite":9,"minecraft:enchanting_table":2,"minecraft:oak_sign":1,"minecraft:deepslate_iron_ore":26,"minecraft:azalea_leaves":2,"minecraft:stone":470,"minecraft:deepslate_redstone_ore":6,"minecraft:soul_sand":15,"minecraft:crafting_table":4,"minecraft:torch":2,"minecraft:chest":3,"minecraft:nether_quartz_ore":25,"minecraft:cobblestone":15,"minecraft:lapis_ore":2,"minecraft:deepslate_gold_ore":6,"minecraft:sugar_cane":18,"minecraft:wall_torch":4,"minecraft:creeper_head":1,"minecraft:grass":2,"minecraft:oak_log":43,"minecraft:coal_ore":61,"minecraft:sand":3,"minecraft:dirt":38,"minecraft:netherrack":113,"minecraft:gold_ore":1,"minecraft:oak_leaves":16,"minecraft:deepslate":37,"minecraft:fern":2},"minecraft:killed_by":{"minecraft:player":7,"minecraft:creeper":3,"nethertitan:arambulo":2,"nethertitan:arambulo_verde":1},"minecraft:killed":{"minecraft:cave_spider":2,"minecraft:endermite":1,"minecraft:spider":7,"minecraft:skeleton":4,"nethertitan:arambulo":1,"minecraft:drowned":1,"minecraft:turtle":3,"minecraft:skeleton_horse":1,"minecraft:pig":1,"minecraft:sheep":4,"nethertitan:arambulo_verde":1,"minecraft:zombie":14,"nethertitan:arambulo_morado":4,"minecraft:cow":1},"minecraft:dropped":{"minecraft:iron_ingot":11,"minecraft:bread":75,"minecraft:porkchop":1,"minecraft:oak_log":12,"minecraft:cobblestone":5,"minecraft:glow_berries":36,"minecraft:leather":1,"minecraft:activator_rail":2,"minecraft:rail":15,"minecraft:coal":21,"minecraft:stick":2,"minecraft:torch":28,"minecraft:mutton":6,"minecraft:seagrass":1,"minecraft:sand":1,"minecraft:iron_pickaxe":1,"minecraft:string":1,"nethertitan:arambulo_pata":2,"minecraft:oak_door":3,"minecraft:stone_axe":1,"minecraft:sugar_cane":24,"minecraft:cobbled_deepslate":29,"minecraft:tuff":7,"minecraft:obsidian":1,"minecraft:rotten_flesh":12,"minecraft:oak_planks":2,"nethertitan:arambulo_pata_3":11,"minecraft:shield":1,"nethertitan:arambulo_pata_2":3,"minecraft:spider_eye":2,"minecraft:wooden_pickaxe":1,"minecraft:bow":1,"minecraft:arrow":5,"minecraft:beef":3,"minecraft:stone_pickaxe":1,"minecraft:raw_gold":7,"minecraft:netherrack":4,"minecraft:black_wool":1}},"DataVersion":2975}