{"stats":{"minecraft:picked_up":{"minecraft:crafting_table":11,"nethertitan:arambulo_pata_2":2,"minecraft:cooked_beef":64,"minecraft:creeper_head":3,"minecraft:glow_ink_sac":4,"minecraft:andesite":6,"nethertitan:arambulo_pata_3":12,"minecraft:oak_log":13,"minecraft:shield":1,"minecraft:gunpowder":5,"minecraft:dirt":74,"minecraft:lapis_lazuli":26,"minecraft:string":42,"minecraft:raw_copper":1,"minecraft:bone":15,"minecraft:apple":1,"minecraft:bow":1,"minecraft:cobbled_deepslate":6,"minecraft:raw_gold":20,"minecraft:furnace":3,"minecraft:stick":6,"minecraft:raw_iron":60,"minecraft:torch":8,"minecraft:spider_eye":4,"minecraft:shulker_box":5,"nethertitan:arambulo_pata":1,"minecraft:arrow":15,"minecraft:sugar":1,"minecraft:rotten_flesh":9,"minecraft:diamond":8,"minecraft:granite":4,"minecraft:oak_sapling":4,"minecraft:skeleton_skull":1,"minecraft:coal":140,"minecraft:rail":3,"minecraft:cobblestone":87},"minecraft:used":{"minecraft:water_bucket":1,"minecraft:stone_pickaxe":132,"minecraft:wooden_pickaxe":20,"minecraft:shield":65,"minecraft:torch":130,"minecraft:golden_apple":1,"minecraft:dirt":10,"minecraft:crafting_table":11,"minecraft:shulker_box":4,"minecraft:iron_pickaxe":145,"minecraft:diamond_sword":223,"minecraft:diamond_chestplate":1,"minecraft:stone_axe":26,"minecraft:cobblestone":68,"minecraft:furnace":3,"minecraft:cooked_beef":42,"minecraft:cobbled_deepslate":5},"minecraft:broken":{"minecraft:stone_pickaxe":1,"minecraft:shield":1},"minecraft:crafted":{"minecraft:oak_planks":52,"minecraft:crafting_table":2,"minecraft:wooden_pickaxe":1,"minecraft:iron_helmet":1,"minecraft:furnace":1,"minecraft:stone_axe":1,"minecraft:air":0,"minecraft:iron_boots":1,"minecraft:shield":2,"minecraft:stick":40,"minecraft:iron_ingot":52,"minecraft:iron_pickaxe":1,"minecraft:stone_pickaxe":1,"minecraft:iron_leggings":1,"minecraft:torch":128},"minecraft:custom":{"minecraft:interact_with_furnace":19,"minecraft:mob_kills":62,"minecraft:interact_with_crafting_table":20,"minecraft:open_shulker_box":8,"minecraft:leave_game":2,"minecraft:time_since_death":115146,"minecraft:time_since_rest":115146,"minecraft:sprint_one_cm":180431,"minecraft:damage_absorbed":40,"minecraft:damage_taken":3369,"minecraft:walk_one_cm":354653,"minecraft:damage_blocked_by_shield":4505,"minecraft:drop":11,"minecraft:damage_dealt":13109,"minecraft:player_kills":2,"minecraft:swim_one_cm":6340,"minecraft:fly_one_cm":422967,"minecraft:play_time":115146,"minecraft:crouch_one_cm":45463,"minecraft:sneak_time":13208,"minecraft:walk_under_water_one_cm":4420,"minecraft:jump":2565,"minecraft:walk_on_water_one_cm":41446,"minecraft:total_world_time":115146,"minecraft:fall_one_cm":65927},"minecraft:mined":{"minecraft:deepslate_diamond_ore":8,"minecraft:shulker_box":4,"minecraft:crafting_table":10,"minecraft:torch":5,"minecraft:granite":2,"minecraft:grass_block":2,"minecraft:cobblestone":1,"minecraft:lapis_ore":4,"minecraft:deepslate_gold_ore":18,"minecraft:wall_torch":2,"minecraft:spawner":2,"minecraft:furnace":3,"minecraft:iron_ore":55,"minecraft:fire":1,"minecraft:andesite":6,"minecraft:grass":1,"minecraft:oak_log":13,"minecraft:coal_ore":86,"minecraft:deepslate_iron_ore":5,"minecraft:rail":2,"minecraft:dirt":2,"minecraft:cobweb":30,"minecraft:stone":79,"minecraft:gold_ore":2,"minecraft:oak_leaves":4,"minecraft:deepslate":13,"minecraft:infested_stone":2},"minecraft:dropped":{"minecraft:cobbled_deepslate":1,"minecraft:raw_copper":1,"minecraft:crafting_table":1,"minecraft:granite":1,"minecraft:coal":19,"minecraft:stick":2,"minecraft:dirt":64,"minecraft:shield":1,"minecraft:spider_eye":3,"minecraft:wooden_pickaxe":1,"minecraft:sugar":1},"minecraft:killed":{"minecraft:cave_spider":6,"minecraft:spider":4,"minecraft:skeleton":13,"nethertitan:arambulo_verde":1,"minecraft:zombie":30,"nethertitan:arambulo":2,"nethertitan:arambulo_morado":4}},"DataVersion":2975}