{"stats":{"minecraft:picked_up":{"minecraft:birch_log":7,"minecraft:crafting_table":2,"minecraft:stick":1,"minecraft:iron_chestplate":1,"minecraft:cooked_beef":14,"minecraft:birch_boat":1,"minecraft:brown_wool":1,"minecraft:gold_block":1,"minecraft:diamond_sword":1,"minecraft:porkchop":2,"minecraft:oak_log":3,"minecraft:dirt":4,"minecraft:iron_leggings":1,"minecraft:rotten_flesh":2,"minecraft:iron_helmet":1,"minecraft:iron_pickaxe":1,"minecraft:sugar_cane":124,"minecraft:mutton":5,"minecraft:birch_sapling":1,"minecraft:white_wool":2,"minecraft:iron_boots":1},"minecraft:custom":{"minecraft:time_since_rest":22239,"minecraft:sprint_one_cm":95594,"minecraft:damage_taken":534,"minecraft:walk_one_cm":52065,"minecraft:mob_kills":7,"minecraft:drop":5,"minecraft:damage_dealt":791,"minecraft:swim_one_cm":6424,"minecraft:interact_with_crafting_table":8,"minecraft:fly_one_cm":69561,"minecraft:play_time":26564,"minecraft:open_chest":11,"minecraft:crouch_one_cm":1196,"minecraft:deaths":2,"minecraft:sneak_time":671,"minecraft:walk_under_water_one_cm":933,"minecraft:boat_one_cm":13839,"minecraft:jump":328,"minecraft:leave_game":4,"minecraft:time_since_death":22235,"minecraft:walk_on_water_one_cm":2983,"minecraft:total_world_time":26564,"minecraft:fall_one_cm":15271},"minecraft:dropped":{"minecraft:iron_chestplate":1,"minecraft:iron_helmet":1,"minecraft:iron_leggings":1,"minecraft:iron_boots":1,"minecraft:iron_pickaxe":1},"minecraft:mined":{"minecraft:magma_block":1,"minecraft:dark_oak_leaves":1,"minecraft:birch_log":7,"minecraft:birch_leaves":1,"minecraft:gold_block":1,"minecraft:crafting_table":2,"minecraft:grass_block":4,"minecraft:oak_log":3,"minecraft:dirt":1,"minecraft:sugar_cane":60},"minecraft:used":{"minecraft:water_bucket":4,"minecraft:iron_shovel":5,"minecraft:iron_axe":9,"minecraft:iron_pickaxe":2,"minecraft:birch_boat":1,"minecraft:diamond_sword":9,"minecraft:dirt":1,"minecraft:crafting_table":2,"minecraft:bucket":5,"minecraft:cooked_beef":6},"minecraft:crafted":{"minecraft:oak_planks":12,"minecraft:iron_boots":1,"minecraft:iron_chestplate":1,"minecraft:shield":1,"minecraft:iron_axe":1,"minecraft:crafting_table":1,"minecraft:iron_hoe":1,"minecraft:iron_ingot":1,"minecraft:stick":12,"minecraft:birch_boat":1,"minecraft:iron_helmet":1,"minecraft:wooden_pickaxe":1,"minecraft:iron_pickaxe":1,"minecraft:stone_pickaxe":1,"minecraft:stone_sword":1,"minecraft:iron_sword":1,"minecraft:iron_shovel":1,"minecraft:iron_leggings":1,"minecraft:bucket":1,"minecraft:birch_planks":28,"minecraft:stone_axe":1},"minecraft:killed":{"minecraft:sheep":3,"minecraft:zombie":1,"minecraft:pig":2,"minecraft:spider":1}},"DataVersion":2975}