{"stats":{"minecraft:picked_up":{"minecraft:crafting_table":6,"nethertitan:arambulo_pata_2":24,"minecraft:feather":2,"minecraft:chicken":1,"minecraft:creeper_head":1,"minecraft:clay_ball":4,"minecraft:andesite":48,"nethertitan:arambulo_pata_3":3,"minecraft:tuff":22,"minecraft:oak_log":16,"minecraft:dirt":1,"minecraft:lapis_lazuli":37,"minecraft:string":1,"minecraft:compass":1,"minecraft:bone":7,"minecraft:cobbled_deepslate":432,"minecraft:raw_gold":3,"minecraft:iron_ingot":71,"minecraft:sugar_cane":15,"minecraft:oak_planks":1,"minecraft:furnace":8,"minecraft:stick":28,"minecraft:raw_iron":84,"minecraft:torch":26,"minecraft:gravel":2,"minecraft:diorite":2,"minecraft:golden_chestplate":2,"minecraft:arrow":12,"minecraft:rotten_flesh":16,"minecraft:diamond":62,"minecraft:granite":62,"minecraft:golden_apple":5,"minecraft:bread":64,"minecraft:oak_sapling":1,"minecraft:obsidian":3,"minecraft:coal":95,"minecraft:skeleton_skull":1,"minecraft:cobblestone":342},"minecraft:used":{"minecraft:water_bucket":15,"minecraft:diorite":2,"minecraft:stone_pickaxe":228,"minecraft:wooden_pickaxe":30,"minecraft:shield":36,"minecraft:diamond_axe":11,"minecraft:torch":1,"minecraft:golden_apple":4,"minecraft:crafting_table":6,"minecraft:tuff":8,"minecraft:diamond_pickaxe":575,"minecraft:iron_axe":49,"minecraft:bread":47,"minecraft:iron_pickaxe":250,"minecraft:diamond_sword":46,"minecraft:cobblestone":159,"minecraft:furnace":8,"minecraft:oak_sapling":1,"minecraft:bucket":16},"minecraft:broken":{"minecraft:stone_pickaxe":1,"minecraft:iron_pickaxe":1},"minecraft:crafted":{"minecraft:oak_planks":64,"minecraft:diamond_sword":1,"minecraft:diamond_axe":1,"minecraft:crafting_table":2,"minecraft:wooden_pickaxe":1,"minecraft:iron_helmet":1,"minecraft:furnace":4,"minecraft:bucket":1,"minecraft:air":0,"minecraft:diamond_helmet":1,"minecraft:iron_boots":1,"minecraft:diamond_leggings":1,"minecraft:iron_chestplate":1,"minecraft:diamond_pickaxe":1,"minecraft:shield":1,"minecraft:iron_axe":1,"minecraft:stick":84,"minecraft:iron_ingot":13,"minecraft:iron_pickaxe":1,"minecraft:stone_pickaxe":2,"minecraft:diamond_boots":1,"minecraft:iron_leggings":1,"minecraft:torch":125,"minecraft:diamond_chestplate":1},"minecraft:custom":{"minecraft:interact_with_furnace":26,"minecraft:mob_kills":31,"minecraft:interact_with_crafting_table":14,"minecraft:leave_game":2,"minecraft:time_since_death":113471,"minecraft:climb_one_cm":713,"minecraft:time_since_rest":113471,"minecraft:sprint_one_cm":379997,"minecraft:damage_taken":2028,"minecraft:damage_absorbed":88,"minecraft:walk_one_cm":162106,"minecraft:damage_blocked_by_shield":2105,"minecraft:drop":38,"minecraft:damage_dealt":6227,"minecraft:swim_one_cm":40912,"minecraft:fly_one_cm":302124,"minecraft:crouch_one_cm":64646,"minecraft:play_time":113471,"minecraft:sneak_time":29654,"minecraft:walk_under_water_one_cm":17485,"minecraft:jump":1972,"minecraft:walk_on_water_one_cm":25425,"minecraft:total_world_time":113471,"minecraft:fall_one_cm":42216},"minecraft:mined":{"minecraft:tuff":22,"minecraft:deepslate_diamond_ore":45,"minecraft:obsidian":3,"minecraft:crafting_table":6,"minecraft:torch":1,"minecraft:granite":59,"minecraft:grass_block":1,"minecraft:cobblestone":9,"minecraft:deepslate_gold_ore":3,"minecraft:sugar_cane":7,"minecraft:oak_planks":1,"minecraft:diorite":2,"minecraft:furnace":8,"minecraft:iron_ore":70,"minecraft:andesite":49,"minecraft:deepslate_lapis_ore":6,"minecraft:grass":3,"minecraft:oak_log":16,"minecraft:coal_ore":50,"minecraft:deepslate_iron_ore":14,"minecraft:gravel":2,"minecraft:stone":271,"minecraft:oak_leaves":2,"minecraft:deepslate":468},"minecraft:killed":{"minecraft:cave_spider":1,"minecraft:spider":1,"minecraft:skeleton":4,"minecraft:zombie":13,"nethertitan:arambulo_verde":3,"minecraft:chicken":2},"minecraft:dropped":{"minecraft:iron_ingot":50,"minecraft:golden_chestplate":1,"minecraft:crafting_table":2,"minecraft:feather":2,"minecraft:iron_helmet":1,"minecraft:cobblestone":58,"minecraft:rotten_flesh":7,"minecraft:clay_ball":4,"minecraft:iron_boots":1,"minecraft:stick":7,"minecraft:torch":189,"minecraft:iron_chestplate":1,"nethertitan:arambulo_pata_2":24,"minecraft:iron_leggings":1,"minecraft:stone_pickaxe":1,"minecraft:wooden_pickaxe":1,"minecraft:string":1}},"DataVersion":2975}