{"stats":{"minecraft:crafted":{"minecraft:oak_planks":64,"minecraft:diamond_sword":1,"minecraft:diamond_axe":1,"minecraft:crafting_table":2,"minecraft:wooden_pickaxe":1,"minecraft:iron_helmet":1,"minecraft:furnace":4,"minecraft:bucket":1,"minecraft:air":0,"minecraft:diamond_helmet":1,"minecraft:diamond_leggings":1,"minecraft:iron_chestplate":1,"minecraft:iron_boots":1,"minecraft:diamond_pickaxe":1,"minecraft:shield":1,"minecraft:iron_axe":1,"minecraft:stick":20,"minecraft:iron_ingot":13,"minecraft:iron_pickaxe":1,"minecraft:stone_pickaxe":2,"minecraft:diamond_boots":1,"minecraft:iron_leggings":1,"minecraft:diamond_chestplate":1},"minecraft:picked_up":{"minecraft:crafting_table":5,"nethertitan:arambulo_pata_2":24,"minecraft:feather":2,"minecraft:chicken":1,"minecraft:creeper_head":1,"minecraft:clay_ball":4,"minecraft:andesite":25,"minecraft:tuff":16,"nethertitan:arambulo_pata_3":3,"minecraft:oak_log":16,"minecraft:lapis_lazuli":37,"minecraft:string":1,"minecraft:dirt":1,"minecraft:compass":1,"minecraft:bone":5,"minecraft:cobbled_deepslate":66,"minecraft:iron_ingot":71,"minecraft:sugar_cane":15,"minecraft:furnace":8,"minecraft:stick":2,"minecraft:raw_iron":84,"minecraft:torch":1,"minecraft:gravel":2,"minecraft:golden_chestplate":1,"minecraft:arrow":9,"minecraft:rotten_flesh":15,"minecraft:diamond":58,"minecraft:granite":36,"minecraft:golden_apple":5,"minecraft:bread":64,"minecraft:oak_sapling":1,"minecraft:coal":95,"minecraft:cobblestone":224},"minecraft:killed":{"minecraft:skeleton":4,"nethertitan:arambulo_verde":3,"minecraft:zombie":7,"minecraft:chicken":1},"minecraft:broken":{"minecraft:stone_pickaxe":1,"minecraft:iron_pickaxe":1},"minecraft:used":{"minecraft:water_bucket":5,"minecraft:stone_pickaxe":228,"minecraft:wooden_pickaxe":30,"minecraft:shield":33,"minecraft:diamond_axe":8,"minecraft:golden_apple":4,"minecraft:crafting_table":6,"minecraft:tuff":8,"minecraft:diamond_pickaxe":38,"minecraft:iron_axe":49,"minecraft:bread":25,"minecraft:iron_pickaxe":250,"minecraft:diamond_sword":11,"minecraft:cobblestone":98,"minecraft:oak_sapling":1,"minecraft:furnace":8,"minecraft:bucket":6},"minecraft:custom":{"minecraft:interact_with_furnace":26,"minecraft:mob_kills":21,"minecraft:interact_with_crafting_table":14,"minecraft:leave_game":2,"minecraft:time_since_death":71755,"minecraft:climb_one_cm":404,"minecraft:time_since_rest":71755,"minecraft:sprint_one_cm":222134,"minecraft:walk_one_cm":113673,"minecraft:damage_taken":1338,"minecraft:damage_absorbed":88,"minecraft:damage_blocked_by_shield":1880,"minecraft:drop":18,"minecraft:damage_dealt":4330,"minecraft:swim_one_cm":35901,"minecraft:fly_one_cm":191891,"minecraft:crouch_one_cm":35463,"minecraft:play_time":71755,"minecraft:sneak_time":18067,"minecraft:walk_under_water_one_cm":10457,"minecraft:jump":1255,"minecraft:walk_on_water_one_cm":11268,"minecraft:total_world_time":71755,"minecraft:fall_one_cm":29307},"minecraft:dropped":{"minecraft:iron_helmet":1,"minecraft:feather":2,"minecraft:cobblestone":58,"minecraft:rotten_flesh":2,"minecraft:iron_boots":1,"minecraft:iron_chestplate":1,"nethertitan:arambulo_pata_2":24,"minecraft:iron_leggings":1,"minecraft:stone_pickaxe":1,"minecraft:wooden_pickaxe":1,"minecraft:string":1},"minecraft:mined":{"minecraft:tuff":16,"minecraft:deepslate_diamond_ore":41,"minecraft:crafting_table":5,"minecraft:granite":33,"minecraft:grass_block":1,"minecraft:cobblestone":5,"minecraft:sugar_cane":7,"minecraft:furnace":8,"minecraft:iron_ore":70,"minecraft:andesite":26,"minecraft:deepslate_lapis_ore":6,"minecraft:coal_ore":50,"minecraft:oak_log":16,"minecraft:deepslate_iron_ore":14,"minecraft:gravel":2,"minecraft:stone":214,"minecraft:oak_leaves":2,"minecraft:deepslate":60}},"DataVersion":2975}