{"stats":{"minecraft:picked_up":{"minecraft:crafting_table":6,"nethertitan:arambulo_pata_2":24,"minecraft:chicken":1,"minecraft:creeper_head":1,"minecraft:clay_ball":4,"nethertitan:arambulo_pata_3":3,"minecraft:amethyst_block":4,"minecraft:polished_deepslate":2,"minecraft:string":1,"minecraft:compass":1,"minecraft:cobbled_deepslate":1014,"minecraft:beef":5,"minecraft:redstone_torch":2,"minecraft:player_head":1,"minecraft:calcite":4,"minecraft:lectern":3,"minecraft:sugar_cane":65,"minecraft:furnace":8,"minecraft:stick":37,"minecraft:raw_iron":84,"minecraft:composter":2,"minecraft:torch":27,"minecraft:porkchop":1,"minecraft:diorite":2,"minecraft:golden_chestplate":2,"minecraft:arrow":15,"minecraft:rotten_flesh":16,"minecraft:obsidian":15,"minecraft:mutton":2,"minecraft:skeleton_skull":1,"minecraft:white_wool":1,"minecraft:cobblestone":385,"minecraft:feather":2,"minecraft:andesite":52,"minecraft:leather":1,"minecraft:flint":6,"minecraft:tuff":32,"minecraft:oak_log":200,"minecraft:cobbled_deepslate_stairs":1,"minecraft:lapis_lazuli":63,"minecraft:dirt":24,"minecraft:bone":12,"minecraft:apple":5,"minecraft:wheat_seeds":1,"minecraft:raw_gold":7,"minecraft:iron_ingot":75,"minecraft:fletching_table":4,"minecraft:oak_planks":105,"minecraft:smooth_basalt":2,"minecraft:sweet_berries":8,"minecraft:gravel":42,"minecraft:spruce_sapling":9,"minecraft:spruce_log":96,"minecraft:purple_bed":1,"minecraft:diamond":62,"minecraft:deepslate":1,"minecraft:granite":73,"minecraft:golden_apple":5,"minecraft:bread":64,"minecraft:oak_sapling":15,"minecraft:coal":95},"minecraft:used":{"minecraft:chest":1,"minecraft:shield":47,"minecraft:torch":2,"minecraft:dirt":20,"minecraft:tuff":8,"minecraft:iron_axe":49,"minecraft:bow":6,"minecraft:oak_sapling":9,"minecraft:furnace":8,"minecraft:skeleton_skull":1,"minecraft:cooked_beef":7,"minecraft:cobbled_deepslate":19,"minecraft:water_bucket":17,"minecraft:diorite":2,"minecraft:stone_pickaxe":228,"minecraft:wooden_pickaxe":30,"minecraft:composter":2,"minecraft:diamond_axe":371,"minecraft:fletching_table":7,"minecraft:golden_apple":7,"minecraft:crafting_table":7,"minecraft:cobbled_deepslate_stairs":86,"minecraft:spruce_log":1,"minecraft:redstone_torch":1,"minecraft:diamond_pickaxe":1063,"minecraft:iron_pickaxe":250,"minecraft:bread":64,"minecraft:lectern":3,"minecraft:gravel":37,"minecraft:diamond_sword":66,"minecraft:purple_bed":1,"minecraft:cobblestone":161,"minecraft:porkchop":1,"minecraft:bucket":17},"minecraft:broken":{"minecraft:stone_pickaxe":1,"minecraft:shield":1,"minecraft:iron_pickaxe":1},"minecraft:custom":{"minecraft:mob_kills":42,"minecraft:interact_with_crafting_table":23,"minecraft:leave_game":5,"minecraft:time_since_death":17964,"minecraft:climb_one_cm":713,"minecraft:sprint_one_cm":772792,"minecraft:walk_one_cm":326102,"minecraft:damage_blocked_by_shield":3295,"minecraft:drop":70,"minecraft:damage_dealt_absorbed":276,"minecraft:talked_to_villager":45,"minecraft:play_time":237000,"minecraft:deaths":3,"minecraft:sneak_time":53527,"minecraft:walk_under_water_one_cm":22970,"minecraft:jump":3593,"minecraft:walk_on_water_one_cm":28323,"minecraft:total_world_time":237000,"minecraft:interact_with_furnace":26,"minecraft:traded_with_villager":95,"minecraft:sleep_in_bed":1,"minecraft:time_since_rest":17973,"minecraft:open_enderchest":1,"minecraft:damage_taken":4029,"minecraft:damage_absorbed":167,"minecraft:damage_dealt":8463,"minecraft:swim_one_cm":48619,"minecraft:player_kills":1,"minecraft:fly_one_cm":553970,"minecraft:open_chest":36,"minecraft:crouch_one_cm":141469,"minecraft:fall_one_cm":77853},"minecraft:crafted":{"minecraft:oak_planks":800,"minecraft:furnace":4,"minecraft:bookshelf":2,"minecraft:diamond_helmet":1,"minecraft:bow":4,"minecraft:diamond_leggings":1,"minecraft:iron_boots":1,"minecraft:iron_axe":1,"minecraft:stone_pickaxe":2,"minecraft:chest":1,"minecraft:diamond_boots":1,"minecraft:cobbled_deepslate_stairs":128,"minecraft:crossbow":8,"minecraft:diamond_sword":1,"minecraft:arrow":160,"minecraft:emerald":71,"minecraft:diamond_axe":1,"minecraft:crafting_table":3,"minecraft:spruce_planks":404,"minecraft:wooden_pickaxe":1,"minecraft:iron_helmet":1,"minecraft:fletching_table":3,"minecraft:bucket":1,"minecraft:air":0,"minecraft:iron_chestplate":1,"minecraft:diamond_pickaxe":1,"minecraft:shield":1,"minecraft:stick":2316,"minecraft:iron_ingot":13,"minecraft:iron_pickaxe":1,"minecraft:iron_leggings":1,"minecraft:torch":125,"minecraft:diamond_chestplate":1},"minecraft:mined":{"minecraft:tuff":32,"minecraft:deepslate_diamond_ore":45,"minecraft:cobbled_deepslate_stairs":1,"minecraft:obsidian":7,"minecraft:granite":76,"minecraft:grass_block":14,"minecraft:spruce_leaves":25,"minecraft:composter":2,"minecraft:furnace":8,"minecraft:iron_ore":70,"minecraft:cobbled_deepslate":2,"minecraft:andesite":53,"minecraft:fletching_table":4,"minecraft:deepslate_lapis_ore":10,"minecraft:polished_deepslate":2,"minecraft:deepslate_iron_ore":14,"minecraft:stone":375,"minecraft:player_head":1,"minecraft:ender_chest":1,"minecraft:crafting_table":6,"minecraft:torch":1,"minecraft:calcite":4,"minecraft:lectern":2,"minecraft:cobblestone":11,"minecraft:deepslate_gold_ore":7,"minecraft:sugar_cane":31,"minecraft:oak_planks":1,"minecraft:diorite":6,"minecraft:wall_torch":1,"minecraft:amethyst_block":4,"minecraft:purple_bed":1,"minecraft:redstone_torch":1,"minecraft:sweet_berry_bush":3,"minecraft:spruce_log":98,"minecraft:birch_leaves":1,"minecraft:grass":9,"minecraft:oak_log":205,"minecraft:coal_ore":50,"minecraft:gravel":53,"minecraft:dirt":10,"minecraft:smooth_basalt":2,"minecraft:oak_leaves":26,"minecraft:fern":1,"minecraft:deepslate":783},"minecraft:killed_by":{"minecraft:player":1,"minecraft:wither":1},"minecraft:killed":{"minecraft:cave_spider":1,"minecraft:spider":1,"minecraft:skeleton":4,"minecraft:chicken":2,"minecraft:skeleton_horse":1,"minecraft:pig":1,"minecraft:iron_golem":1,"minecraft:sheep":2,"nethertitan:arambulo_verde":4,"minecraft:zombie":14,"minecraft:cow":3},"minecraft:dropped":{"minecraft:iron_ingot":50,"minecraft:wheat_seeds":1,"minecraft:cobbled_deepslate_stairs":11,"minecraft:crafting_table":2,"minecraft:crossbow":8,"minecraft:feather":2,"minecraft:iron_helmet":1,"minecraft:cobblestone":58,"minecraft:granite":9,"minecraft:stick":7,"minecraft:dirt":1,"minecraft:torch":189,"minecraft:mutton":1,"minecraft:iron_leggings":1,"minecraft:iron_axe":1,"minecraft:string":1,"minecraft:polished_deepslate":1,"minecraft:smooth_basalt":2,"minecraft:golden_chestplate":1,"minecraft:cobbled_deepslate":320,"minecraft:rotten_flesh":7,"minecraft:clay_ball":4,"minecraft:oak_planks":36,"minecraft:iron_boots":1,"minecraft:iron_chestplate":1,"nethertitan:arambulo_pata_2":24,"minecraft:oak_sapling":6,"minecraft:redstone_torch":1,"minecraft:arrow":64,"minecraft:bow":3,"minecraft:wooden_pickaxe":1,"minecraft:stone_pickaxe":1,"minecraft:calcite":4}},"DataVersion":2975}