{"stats":{"minecraft:picked_up":{"minecraft:crafting_table":6,"nethertitan:arambulo_pata_2":24,"minecraft:chicken":1,"minecraft:creeper_head":2,"minecraft:clay_ball":4,"nethertitan:arambulo_pata_3":3,"minecraft:amethyst_block":4,"minecraft:polished_deepslate":2,"minecraft:string":1,"minecraft:compass":1,"minecraft:cobbled_deepslate":1014,"minecraft:beef":15,"minecraft:redstone_torch":2,"minecraft:player_head":1,"minecraft:calcite":4,"minecraft:enchanted_golden_apple":2,"minecraft:poppy":17,"minecraft:lectern":3,"minecraft:sugar_cane":65,"minecraft:furnace":8,"minecraft:stick":50,"minecraft:raw_iron":84,"minecraft:composter":2,"minecraft:torch":27,"minecraft:porkchop":1,"minecraft:diorite":2,"minecraft:golden_chestplate":2,"minecraft:stone_sword":1,"minecraft:arrow":22,"minecraft:rotten_flesh":16,"minecraft:totem_of_undying":2,"minecraft:obsidian":15,"minecraft:mutton":2,"minecraft:skeleton_skull":1,"minecraft:white_wool":1,"minecraft:cobblestone":385,"minecraft:feather":2,"minecraft:cooked_beef":19,"minecraft:andesite":52,"minecraft:leather":18,"minecraft:flint":6,"minecraft:tuff":32,"minecraft:oak_log":200,"minecraft:cobbled_deepslate_stairs":1,"minecraft:gunpowder":34,"minecraft:lapis_lazuli":63,"minecraft:dirt":24,"minecraft:bone":12,"minecraft:apple":5,"minecraft:wheat_seeds":1,"minecraft:raw_gold":7,"minecraft:iron_ingot":127,"minecraft:fletching_table":4,"minecraft:oak_planks":105,"minecraft:smooth_basalt":2,"minecraft:sweet_berries":12,"minecraft:gravel":42,"minecraft:spruce_sapling":23,"minecraft:spruce_log":256,"minecraft:purple_bed":1,"minecraft:diamond":62,"minecraft:deepslate":1,"minecraft:granite":73,"minecraft:golden_apple":5,"minecraft:bread":64,"minecraft:oak_sapling":15,"minecraft:coal":95},"minecraft:used":{"minecraft:stone_sword":31,"minecraft:chest":1,"minecraft:shield":47,"minecraft:torch":2,"minecraft:dirt":22,"minecraft:tuff":8,"minecraft:iron_axe":49,"minecraft:totem_of_undying":4,"minecraft:bow":111,"minecraft:oak_sapling":9,"minecraft:furnace":8,"minecraft:skeleton_skull":1,"minecraft:cooked_beef":37,"minecraft:cobbled_deepslate":56,"minecraft:enchanted_golden_apple":1,"minecraft:cooked_mutton":1,"minecraft:water_bucket":17,"minecraft:diorite":2,"minecraft:diamond_boots":1,"minecraft:stone_pickaxe":228,"minecraft:wooden_pickaxe":30,"minecraft:composter":2,"minecraft:diamond_axe":553,"minecraft:fletching_table":7,"minecraft:golden_apple":10,"minecraft:crafting_table":7,"minecraft:cobbled_deepslate_stairs":86,"minecraft:spruce_log":6,"minecraft:redstone_torch":1,"minecraft:diamond_pickaxe":1067,"minecraft:iron_pickaxe":250,"minecraft:bread":64,"minecraft:lectern":3,"minecraft:spruce_sapling":4,"minecraft:gravel":37,"minecraft:diamond_sword":134,"minecraft:purple_bed":1,"minecraft:cobblestone":161,"minecraft:porkchop":1,"minecraft:bucket":17},"minecraft:broken":{"minecraft:stone_pickaxe":1,"minecraft:shield":1,"minecraft:iron_pickaxe":1},"minecraft:custom":{"minecraft:mob_kills":80,"minecraft:interact_with_crafting_table":23,"minecraft:damage_resisted":205,"minecraft:leave_game":5,"minecraft:time_since_death":1447,"minecraft:climb_one_cm":713,"minecraft:sprint_one_cm":882278,"minecraft:walk_one_cm":421919,"minecraft:damage_blocked_by_shield":3295,"minecraft:drop":88,"minecraft:damage_dealt_absorbed":1548,"minecraft:talked_to_villager":57,"minecraft:play_time":279000,"minecraft:deaths":5,"minecraft:sneak_time":59383,"minecraft:walk_under_water_one_cm":22970,"minecraft:jump":4267,"minecraft:walk_on_water_one_cm":28323,"minecraft:total_world_time":279000,"minecraft:interact_with_furnace":26,"minecraft:traded_with_villager":122,"minecraft:sleep_in_bed":1,"minecraft:time_since_rest":1453,"minecraft:open_enderchest":1,"minecraft:damage_taken":8303,"minecraft:damage_absorbed":487,"minecraft:damage_dealt":14817,"minecraft:swim_one_cm":48619,"minecraft:player_kills":3,"minecraft:fly_one_cm":640540,"minecraft:open_chest":39,"minecraft:crouch_one_cm":152954,"minecraft:fall_one_cm":101708},"minecraft:crafted":{"minecraft:oak_planks":800,"minecraft:furnace":4,"minecraft:bookshelf":5,"minecraft:diamond_helmet":1,"minecraft:bow":4,"minecraft:diamond_leggings":1,"minecraft:iron_boots":1,"minecraft:iron_axe":1,"minecraft:stone_pickaxe":2,"minecraft:chest":1,"minecraft:diamond_boots":1,"minecraft:cobbled_deepslate_stairs":128,"minecraft:crossbow":8,"minecraft:diamond_sword":1,"minecraft:arrow":160,"minecraft:emerald":95,"minecraft:diamond_axe":1,"minecraft:crafting_table":3,"minecraft:spruce_planks":1004,"minecraft:wooden_pickaxe":1,"minecraft:iron_helmet":1,"minecraft:fletching_table":3,"minecraft:bucket":1,"minecraft:air":0,"minecraft:iron_chestplate":1,"minecraft:diamond_pickaxe":1,"minecraft:shield":1,"minecraft:stick":3516,"minecraft:iron_ingot":13,"minecraft:iron_pickaxe":1,"minecraft:iron_leggings":1,"minecraft:torch":125,"minecraft:diamond_chestplate":1},"minecraft:mined":{"minecraft:tuff":32,"minecraft:deepslate_diamond_ore":45,"minecraft:cobbled_deepslate_stairs":1,"minecraft:obsidian":7,"minecraft:granite":76,"minecraft:grass_block":15,"minecraft:spruce_leaves":26,"minecraft:composter":2,"minecraft:furnace":8,"minecraft:iron_ore":70,"minecraft:cobbled_deepslate":2,"minecraft:andesite":53,"minecraft:fletching_table":4,"minecraft:deepslate_lapis_ore":10,"minecraft:polished_deepslate":2,"minecraft:deepslate_iron_ore":14,"minecraft:stone":375,"minecraft:player_head":1,"minecraft:ender_chest":1,"minecraft:glass_pane":1,"minecraft:crafting_table":6,"minecraft:torch":1,"minecraft:calcite":4,"minecraft:lectern":2,"minecraft:cobblestone":12,"minecraft:deepslate_gold_ore":7,"minecraft:sugar_cane":31,"minecraft:oak_planks":1,"minecraft:diorite":6,"minecraft:wall_torch":1,"minecraft:amethyst_block":4,"minecraft:purple_bed":1,"minecraft:redstone_torch":1,"minecraft:sweet_berry_bush":5,"minecraft:spruce_log":265,"minecraft:birch_leaves":1,"minecraft:grass":9,"minecraft:oak_log":205,"minecraft:coal_ore":50,"minecraft:gravel":53,"minecraft:dirt":10,"minecraft:smooth_basalt":2,"minecraft:oak_leaves":26,"minecraft:fern":1,"minecraft:deepslate":783},"minecraft:killed_by":{"minecraft:player":2,"minecraft:creeper":1,"minecraft:wither":1},"minecraft:killed":{"minecraft:cave_spider":1,"minecraft:spider":1,"minecraft:skeleton":4,"minecraft:chicken":2,"minecraft:skeleton_horse":1,"minecraft:pig":1,"minecraft:iron_golem":7,"minecraft:creeper":11,"minecraft:sheep":2,"nethertitan:arambulo_verde":4,"minecraft:zombie":14,"minecraft:villager":5,"minecraft:cow":14},"minecraft:dropped":{"minecraft:iron_ingot":50,"minecraft:wheat_seeds":1,"minecraft:cobbled_deepslate_stairs":11,"minecraft:crafting_table":2,"minecraft:crossbow":8,"minecraft:feather":2,"minecraft:iron_helmet":1,"minecraft:cobblestone":58,"minecraft:granite":9,"minecraft:stick":7,"minecraft:dirt":1,"minecraft:torch":189,"minecraft:mutton":1,"minecraft:iron_leggings":1,"minecraft:iron_axe":1,"minecraft:string":1,"minecraft:polished_deepslate":1,"minecraft:smooth_basalt":2,"minecraft:sweet_berries":7,"minecraft:golden_chestplate":1,"minecraft:cobbled_deepslate":349,"minecraft:rotten_flesh":7,"minecraft:clay_ball":4,"minecraft:oak_planks":36,"minecraft:iron_boots":1,"minecraft:cooked_mutton":1,"minecraft:poppy":17,"minecraft:gunpowder":34,"minecraft:iron_chestplate":1,"nethertitan:arambulo_pata_2":24,"minecraft:oak_sapling":6,"minecraft:redstone_torch":1,"minecraft:spruce_log":4,"minecraft:arrow":64,"minecraft:bow":3,"minecraft:wooden_pickaxe":1,"minecraft:stone_pickaxe":1,"minecraft:raw_gold":4,"minecraft:calcite":4}},"DataVersion":2975}