{"stats":{"minecraft:crafted":{"minecraft:oak_planks":64,"minecraft:iron_boots":1,"minecraft:iron_chestplate":1,"minecraft:shield":1,"minecraft:iron_axe":1,"minecraft:crafting_table":2,"minecraft:stick":12,"minecraft:iron_helmet":1,"minecraft:wooden_pickaxe":1,"minecraft:iron_ingot":10,"minecraft:iron_pickaxe":1,"minecraft:stone_pickaxe":2,"minecraft:iron_leggings":1,"minecraft:furnace":4,"minecraft:air":0},"minecraft:picked_up":{"minecraft:crafting_table":3,"minecraft:stick":2,"minecraft:raw_iron":39,"nethertitan:arambulo_pata_2":3,"minecraft:feather":2,"minecraft:chicken":1,"minecraft:andesite":25,"minecraft:torch":1,"minecraft:oak_log":16,"minecraft:golden_chestplate":1,"minecraft:dirt":1,"minecraft:compass":1,"minecraft:arrow":1,"minecraft:bone":2,"minecraft:iron_ingot":21,"minecraft:granite":33,"minecraft:golden_apple":5,"minecraft:bread":64,"minecraft:oak_sapling":1,"minecraft:sugar_cane":15,"minecraft:coal":40,"minecraft:cobblestone":204,"minecraft:furnace":4},"minecraft:killed":{"nethertitan:arambulo_verde":1,"minecraft:chicken":1},"minecraft:broken":{"minecraft:stone_pickaxe":1},"minecraft:used":{"minecraft:stone_pickaxe":212,"minecraft:iron_axe":16,"minecraft:bread":7,"minecraft:iron_pickaxe":99,"minecraft:wooden_pickaxe":30,"minecraft:golden_apple":1,"minecraft:cobblestone":14,"minecraft:crafting_table":4,"minecraft:furnace":4,"minecraft:oak_sapling":1},"minecraft:custom":{"minecraft:time_since_rest":34383,"minecraft:interact_with_furnace":11,"minecraft:sprint_one_cm":101120,"minecraft:damage_taken":269,"minecraft:walk_one_cm":31125,"minecraft:mob_kills":3,"minecraft:damage_dealt":560,"minecraft:swim_one_cm":34138,"minecraft:interact_with_crafting_table":10,"minecraft:fly_one_cm":54251,"minecraft:play_time":34383,"minecraft:crouch_one_cm":21225,"minecraft:sneak_time":11161,"minecraft:walk_under_water_one_cm":1551,"minecraft:jump":380,"minecraft:leave_game":1,"minecraft:walk_on_water_one_cm":3825,"minecraft:time_since_death":34383,"minecraft:climb_one_cm":57,"minecraft:total_world_time":34383,"minecraft:fall_one_cm":3493},"minecraft:mined":{"minecraft:furnace":4,"minecraft:iron_ore":39,"minecraft:andesite":26,"minecraft:crafting_table":3,"minecraft:granite":33,"minecraft:grass_block":1,"minecraft:oak_log":16,"minecraft:coal_ore":34,"minecraft:stone":204,"minecraft:sugar_cane":7,"minecraft:oak_leaves":2}},"DataVersion":2975}