{"stats":{"minecraft:crafted":{"minecraft:oak_planks":64,"minecraft:diamond_sword":1,"minecraft:diamond_axe":1,"minecraft:crafting_table":2,"minecraft:wooden_pickaxe":1,"minecraft:iron_helmet":1,"minecraft:furnace":4,"minecraft:bucket":1,"minecraft:air":0,"minecraft:diamond_leggings":1,"minecraft:diamond_helmet":1,"minecraft:iron_boots":1,"minecraft:iron_chestplate":1,"minecraft:diamond_pickaxe":1,"minecraft:shield":1,"minecraft:iron_axe":1,"minecraft:stick":84,"minecraft:iron_ingot":13,"minecraft:iron_pickaxe":1,"minecraft:stone_pickaxe":2,"minecraft:diamond_boots":1,"minecraft:iron_leggings":1,"minecraft:cobbled_deepslate_stairs":128,"minecraft:torch":125,"minecraft:diamond_chestplate":1},"minecraft:picked_up":{"minecraft:crafting_table":6,"nethertitan:arambulo_pata_2":24,"minecraft:feather":2,"minecraft:chicken":1,"minecraft:creeper_head":1,"minecraft:clay_ball":4,"minecraft:andesite":52,"nethertitan:arambulo_pata_3":3,"minecraft:tuff":22,"minecraft:oak_log":16,"minecraft:cobbled_deepslate_stairs":1,"minecraft:string":1,"minecraft:polished_deepslate":2,"minecraft:lapis_lazuli":37,"minecraft:dirt":12,"minecraft:compass":1,"minecraft:bone":11,"minecraft:wheat_seeds":1,"minecraft:cobbled_deepslate":674,"minecraft:raw_gold":3,"minecraft:iron_ingot":71,"minecraft:sugar_cane":15,"minecraft:oak_planks":1,"minecraft:furnace":8,"minecraft:stick":28,"minecraft:raw_iron":84,"minecraft:torch":27,"minecraft:gravel":2,"minecraft:diorite":2,"minecraft:golden_chestplate":2,"minecraft:arrow":15,"minecraft:rotten_flesh":16,"minecraft:diamond":62,"minecraft:granite":73,"minecraft:golden_apple":5,"minecraft:bread":64,"minecraft:oak_sapling":3,"minecraft:obsidian":3,"minecraft:coal":95,"minecraft:skeleton_skull":1,"minecraft:cobblestone":385},"minecraft:killed":{"minecraft:cave_spider":1,"minecraft:spider":1,"minecraft:skeleton":4,"nethertitan:arambulo_verde":3,"minecraft:zombie":13,"minecraft:chicken":2},"minecraft:broken":{"minecraft:stone_pickaxe":1,"minecraft:iron_pickaxe":1},"minecraft:used":{"minecraft:water_bucket":16,"minecraft:diorite":2,"minecraft:stone_pickaxe":228,"minecraft:wooden_pickaxe":30,"minecraft:shield":36,"minecraft:diamond_axe":16,"minecraft:torch":2,"minecraft:golden_apple":5,"minecraft:dirt":11,"minecraft:crafting_table":6,"minecraft:tuff":8,"minecraft:cobbled_deepslate_stairs":86,"minecraft:diamond_pickaxe":959,"minecraft:bread":57,"minecraft:iron_axe":49,"minecraft:iron_pickaxe":250,"minecraft:diamond_sword":46,"minecraft:cobblestone":161,"minecraft:furnace":8,"minecraft:oak_sapling":1,"minecraft:bucket":17,"minecraft:skeleton_skull":1,"minecraft:cobbled_deepslate":3},"minecraft:killed_by":{"minecraft:player":1},"minecraft:custom":{"minecraft:interact_with_furnace":26,"minecraft:mob_kills":32,"minecraft:interact_with_crafting_table":17,"minecraft:leave_game":3,"minecraft:time_since_death":16238,"minecraft:climb_one_cm":713,"minecraft:time_since_rest":16246,"minecraft:sprint_one_cm":514695,"minecraft:damage_absorbed":127,"minecraft:damage_taken":2610,"minecraft:walk_one_cm":209550,"minecraft:damage_blocked_by_shield":2105,"minecraft:drop":47,"minecraft:damage_dealt":6826,"minecraft:player_kills":1,"minecraft:swim_one_cm":40912,"minecraft:fly_one_cm":383699,"minecraft:open_chest":14,"minecraft:play_time":157905,"minecraft:crouch_one_cm":116238,"minecraft:deaths":1,"minecraft:sneak_time":44002,"minecraft:walk_under_water_one_cm":17485,"minecraft:jump":2587,"minecraft:walk_on_water_one_cm":25438,"minecraft:total_world_time":157905,"minecraft:fall_one_cm":50120},"minecraft:mined":{"minecraft:tuff":22,"minecraft:deepslate_diamond_ore":45,"minecraft:cobbled_deepslate_stairs":1,"minecraft:obsidian":3,"minecraft:crafting_table":6,"minecraft:torch":1,"minecraft:granite":76,"minecraft:grass_block":7,"minecraft:cobblestone":11,"minecraft:deepslate_gold_ore":3,"minecraft:oak_planks":1,"minecraft:sugar_cane":7,"minecraft:diorite":6,"minecraft:wall_torch":1,"minecraft:furnace":8,"minecraft:iron_ore":70,"minecraft:cobbled_deepslate":2,"minecraft:andesite":53,"minecraft:deepslate_lapis_ore":6,"minecraft:grass":6,"minecraft:polished_deepslate":2,"minecraft:coal_ore":50,"minecraft:oak_log":19,"minecraft:deepslate_iron_ore":14,"minecraft:gravel":2,"minecraft:dirt":5,"minecraft:stone":375,"minecraft:oak_leaves":4,"minecraft:deepslate":714},"minecraft:dropped":{"minecraft:iron_ingot":50,"minecraft:wheat_seeds":1,"minecraft:cobbled_deepslate_stairs":11,"minecraft:golden_chestplate":1,"minecraft:crafting_table":2,"minecraft:iron_helmet":1,"minecraft:feather":2,"minecraft:cobblestone":58,"minecraft:rotten_flesh":7,"minecraft:clay_ball":4,"minecraft:iron_boots":1,"minecraft:granite":9,"minecraft:stick":7,"minecraft:dirt":1,"minecraft:torch":189,"minecraft:iron_chestplate":1,"nethertitan:arambulo_pata_2":24,"minecraft:oak_sapling":2,"minecraft:iron_leggings":1,"minecraft:iron_axe":1,"minecraft:stone_pickaxe":1,"minecraft:wooden_pickaxe":1,"minecraft:string":1,"minecraft:polished_deepslate":1}},"DataVersion":2975}