{"stats":{"minecraft:picked_up":{"minecraft:crafting_table":6,"nethertitan:arambulo_pata_2":24,"minecraft:chicken":1,"minecraft:creeper_head":2,"minecraft:clay_ball":4,"nethertitan:arambulo_pata_3":3,"minecraft:amethyst_block":6,"minecraft:polished_deepslate":2,"minecraft:string":1,"minecraft:compass":1,"minecraft:cobbled_deepslate":1195,"minecraft:spruce_planks":2,"minecraft:beef":15,"minecraft:redstone_torch":2,"minecraft:player_head":1,"minecraft:calcite":5,"minecraft:poppy":17,"minecraft:enchanted_golden_apple":5,"minecraft:lectern":3,"minecraft:sugar_cane":65,"minecraft:furnace":8,"minecraft:stick":66,"minecraft:raw_iron":84,"minecraft:composter":2,"minecraft:torch":29,"minecraft:porkchop":1,"minecraft:diorite":2,"minecraft:golden_chestplate":2,"nethertitan:arambulo_pata":3,"minecraft:stone_sword":1,"minecraft:arrow":22,"minecraft:rotten_flesh":16,"minecraft:totem_of_undying":2,"minecraft:obsidian":15,"minecraft:mutton":2,"minecraft:skeleton_skull":1,"minecraft:white_wool":1,"minecraft:cobblestone":387,"minecraft:enchanting_table":1,"minecraft:feather":2,"minecraft:cooked_beef":19,"minecraft:andesite":52,"minecraft:leather":18,"minecraft:potato":1,"minecraft:flint":6,"minecraft:tuff":42,"minecraft:oak_log":252,"minecraft:cobbled_deepslate_stairs":1,"minecraft:gunpowder":34,"minecraft:lapis_lazuli":63,"minecraft:dirt":34,"minecraft:bone":12,"minecraft:apple":5,"minecraft:wheat_seeds":1,"minecraft:raw_gold":7,"minecraft:iron_ingot":127,"minecraft:fletching_table":4,"minecraft:oak_planks":106,"minecraft:book":3,"minecraft:smooth_basalt":3,"minecraft:sweet_berries":12,"minecraft:amethyst_shard":4,"minecraft:gravel":43,"minecraft:spruce_sapling":23,"minecraft:spruce_log":256,"minecraft:purple_bed":1,"minecraft:diamond":69,"minecraft:deepslate":2,"minecraft:granite":75,"minecraft:golden_apple":5,"minecraft:bread":67,"minecraft:oak_sapling":15,"minecraft:coal":95},"minecraft:used":{"minecraft:enchanting_table":1,"minecraft:stone_sword":34,"minecraft:spruce_planks":2,"minecraft:chest":1,"minecraft:shield":47,"minecraft:torch":3,"minecraft:dirt":30,"minecraft:tuff":8,"minecraft:granite":2,"minecraft:bookshelf":16,"minecraft:iron_axe":49,"minecraft:totem_of_undying":4,"minecraft:bow":111,"minecraft:oak_sapling":9,"minecraft:furnace":8,"minecraft:skeleton_skull":1,"minecraft:potato":1,"minecraft:cooked_beef":48,"minecraft:cobbled_deepslate":61,"minecraft:enchanted_golden_apple":1,"minecraft:cooked_mutton":1,"minecraft:water_bucket":17,"minecraft:diorite":2,"minecraft:diamond_boots":1,"minecraft:stone_pickaxe":228,"minecraft:oak_planks":5,"minecraft:wooden_pickaxe":30,"minecraft:composter":2,"minecraft:diamond_axe":623,"minecraft:fletching_table":7,"minecraft:golden_apple":10,"minecraft:crafting_table":7,"minecraft:cobbled_deepslate_stairs":86,"minecraft:spruce_log":6,"minecraft:redstone_torch":1,"minecraft:diamond_pickaxe":1329,"minecraft:iron_pickaxe":250,"minecraft:bread":64,"minecraft:lectern":3,"minecraft:spruce_sapling":4,"minecraft:gravel":37,"minecraft:diamond_sword":158,"minecraft:purple_bed":1,"minecraft:cobblestone":161,"minecraft:porkchop":1,"minecraft:bucket":17},"minecraft:broken":{"minecraft:diamond_helmet":1,"minecraft:stone_pickaxe":1,"minecraft:shield":1,"minecraft:iron_pickaxe":1},"minecraft:custom":{"minecraft:mob_kills":86,"minecraft:interact_with_crafting_table":32,"minecraft:leave_game":8,"minecraft:time_since_death":44626,"minecraft:damage_resisted":205,"minecraft:climb_one_cm":713,"minecraft:sprint_one_cm":1026589,"minecraft:walk_one_cm":482230,"minecraft:damage_blocked_by_shield":3295,"minecraft:drop":94,"minecraft:damage_dealt_absorbed":1668,"minecraft:talked_to_villager":57,"minecraft:play_time":326699,"minecraft:deaths":6,"minecraft:sneak_time":68014,"minecraft:walk_under_water_one_cm":37123,"minecraft:jump":4835,"minecraft:interact_with_blast_furnace":1,"minecraft:walk_on_water_one_cm":34077,"minecraft:enchant_item":1,"minecraft:total_world_time":326699,"minecraft:interact_with_furnace":26,"minecraft:traded_with_villager":122,"minecraft:sleep_in_bed":1,"minecraft:time_since_rest":44635,"minecraft:open_enderchest":1,"minecraft:damage_taken":9193,"minecraft:damage_absorbed":487,"minecraft:damage_dealt":16172,"minecraft:swim_one_cm":79788,"minecraft:player_kills":3,"minecraft:fly_one_cm":745733,"minecraft:open_chest":72,"minecraft:crouch_one_cm":191408,"minecraft:fall_one_cm":115973},"minecraft:crafted":{"minecraft:oak_planks":1008,"minecraft:furnace":4,"minecraft:bookshelf":16,"minecraft:diamond_helmet":1,"minecraft:bow":4,"minecraft:diamond_leggings":1,"minecraft:iron_boots":1,"minecraft:iron_axe":1,"minecraft:stone_pickaxe":2,"minecraft:chest":1,"minecraft:diamond_boots":1,"minecraft:cobbled_deepslate_stairs":128,"minecraft:crossbow":8,"minecraft:diamond_sword":1,"minecraft:arrow":160,"minecraft:emerald":95,"minecraft:diamond_axe":1,"minecraft:crafting_table":3,"minecraft:spruce_planks":1008,"minecraft:wooden_pickaxe":1,"minecraft:iron_helmet":1,"minecraft:fletching_table":3,"minecraft:bucket":1,"minecraft:air":0,"minecraft:paper":48,"minecraft:book":18,"minecraft:iron_chestplate":1,"minecraft:diamond_pickaxe":1,"minecraft:shield":1,"minecraft:stick":3532,"minecraft:iron_ingot":13,"minecraft:iron_pickaxe":1,"minecraft:iron_leggings":1,"minecraft:torch":125,"minecraft:diamond_chestplate":1},"minecraft:mined":{"minecraft:spruce_planks":2,"minecraft:tuff":46,"minecraft:deepslate_diamond_ore":48,"minecraft:cobbled_deepslate_stairs":1,"minecraft:obsidian":7,"minecraft:granite":76,"minecraft:grass_block":22,"minecraft:spruce_leaves":26,"minecraft:composter":2,"minecraft:furnace":8,"minecraft:fire":10,"minecraft:iron_ore":70,"minecraft:cobbled_deepslate":4,"minecraft:andesite":53,"minecraft:fletching_table":4,"minecraft:deepslate_lapis_ore":10,"minecraft:enchanting_table":1,"minecraft:polished_deepslate":2,"minecraft:bookshelf":1,"minecraft:deepslate_iron_ore":14,"minecraft:stone":375,"minecraft:player_head":1,"minecraft:ender_chest":1,"minecraft:glass_pane":1,"minecraft:amethyst_cluster":1,"minecraft:crafting_table":6,"minecraft:torch":1,"minecraft:calcite":5,"minecraft:lectern":2,"minecraft:cobblestone":14,"minecraft:deepslate_gold_ore":7,"minecraft:sugar_cane":31,"minecraft:oak_planks":2,"minecraft:diorite":6,"minecraft:wall_torch":3,"minecraft:amethyst_block":6,"minecraft:purple_bed":1,"minecraft:redstone_torch":1,"minecraft:sweet_berry_bush":5,"minecraft:spruce_log":265,"minecraft:birch_leaves":1,"minecraft:grass":9,"minecraft:oak_log":257,"minecraft:coal_ore":50,"minecraft:gravel":53,"minecraft:dirt":13,"minecraft:smooth_basalt":3,"minecraft:oak_leaves":33,"minecraft:deepslate":1014,"minecraft:fern":1},"minecraft:killed_by":{"minecraft:player":3,"minecraft:creeper":1,"minecraft:wither":1},"minecraft:killed":{"minecraft:cave_spider":1,"minecraft:spider":3,"minecraft:skeleton":4,"minecraft:chicken":2,"nethertitan:arambulo":1,"minecraft:skeleton_horse":1,"minecraft:pig":1,"minecraft:iron_golem":7,"minecraft:creeper":11,"minecraft:sheep":2,"nethertitan:arambulo_verde":4,"minecraft:zombie":17,"minecraft:villager":5,"minecraft:cow":14},"minecraft:dropped":{"minecraft:iron_ingot":50,"minecraft:bread":3,"minecraft:wheat_seeds":1,"minecraft:cobbled_deepslate_stairs":11,"minecraft:crafting_table":2,"minecraft:crossbow":8,"minecraft:feather":2,"minecraft:iron_helmet":1,"minecraft:cobblestone":58,"minecraft:granite":9,"minecraft:stick":39,"minecraft:dirt":1,"minecraft:torch":190,"minecraft:mutton":1,"minecraft:iron_leggings":1,"minecraft:iron_axe":1,"minecraft:string":1,"minecraft:polished_deepslate":1,"minecraft:smooth_basalt":2,"minecraft:sweet_berries":7,"minecraft:golden_chestplate":1,"minecraft:stone_sword":1,"minecraft:cobbled_deepslate":349,"minecraft:rotten_flesh":7,"minecraft:clay_ball":4,"minecraft:oak_planks":36,"minecraft:iron_boots":1,"minecraft:cooked_mutton":1,"minecraft:poppy":17,"minecraft:gunpowder":34,"minecraft:spruce_planks":2,"minecraft:iron_chestplate":1,"nethertitan:arambulo_pata_2":24,"minecraft:oak_sapling":6,"minecraft:redstone_torch":1,"minecraft:spruce_log":4,"minecraft:arrow":64,"minecraft:bow":3,"minecraft:wooden_pickaxe":1,"minecraft:stone_pickaxe":1,"minecraft:raw_gold":4,"minecraft:calcite":4}},"DataVersion":2975}