{
  "__COMMENT1": "To apply this configuration to all newly generated worlds",
  "__COMMENT2": "please place this configuration file into your config directory",
  "__COMMENT3": "with the following name: cpm-server-default.json",
  "skins": {},
  "player_scaling": {
    "1d13a732-8b00-381c-a6ea-735b0e181d1d": {},
    "5b36e047-e645-3c10-a6ba-670afdb48941": {},
    "b006ee01-88fe-382b-81e1-bb21b5045cc9": {},
    "fa7ebe6a-4492-3d2e-9b64-c79aeba6df7a": {},
    "21431809-c491-3690-9df3-bf62709bad3c": {},
    "1ad41574-9975-3df2-bd87-5b6753c6784f": {},
    "2ad297c2-7fa1-3b4d-ac2d-d848d605d4eb": {},
    "272e07da-6195-3278-a98f-65b47ee7b6dd": {},
    "99bd0f46-35bc-3235-b93f-410fb5aceabc": {},
    "c2ed32fa-b75b-32e0-b01d-e48f553f93bb": {},
    "9f052ef4-a74f-36a2-abed-ef94470dba24": {}
  }
}