{"stats":{"minecraft:custom":{"minecraft:time_since_rest":75563,"minecraft:sprint_one_cm":307282,"minecraft:damage_taken":1531,"minecraft:walk_one_cm":275736,"minecraft:mob_kills":5,"minecraft:drop":11,"minecraft:damage_dealt":1419,"minecraft:interact_with_crafting_table":3,"minecraft:fly_one_cm":1226788,"minecraft:open_chest":24,"minecraft:crouch_one_cm":16638,"minecraft:play_time":261353,"minecraft:deaths":5,"minecraft:sneak_time":6298,"minecraft:walk_under_water_one_cm":3253,"minecraft:jump":2325,"minecraft:leave_game":13,"minecraft:walk_on_water_one_cm":168,"minecraft:time_since_death":75563,"minecraft:enchant_item":8,"minecraft:climb_one_cm":87,"minecraft:total_world_time":261353,"minecraft:fall_one_cm":18919},"minecraft:dropped":{"minecraft:oxeye_daisy":1,"minecraft:melon":2,"minecraft:grass":1,"minecraft:gunpowder":2,"minecraft:netherite_ingot":63,"minecraft:netherite_block":63,"minecraft:enchanted_golden_apple":128,"minecraft:gold_ingot":63},"minecraft:mined":{"minecraft:grass":1},"minecraft:killed":{"the_bumblezone:beehemoth":2,"capybara:capybara":1,"minecraft:creeper":2},"minecraft:picked_up":{"minecraft:melon":3,"minecraft:gunpowder":4,"minecraft:netherite_block":63,"minecraft:netherite_ingot":63,"minecraft:gold_ingot":63,"minecraft:enchanted_golden_apple":128},"minecraft:crafted":{"minecraft:iron_shovel":2},"minecraft:used":{"minecraft:creeper_spawn_egg":1,"minecraft:netherite_sword":19,"minecraft:enchanting_table":1,"minecraft:oxeye_daisy":2,"minecraft:armor_stand":9,"minecraft:birch_planks":11,"minecraft:grass_block":87,"armaduras_d:espada_celestial":3,"minecraft:ender_pearl":5,"minecraft:chest":1,"minecraft:grass":2,"minecraft:totem_of_undying":1,"the_bumblezone:beehemoth_spawn_egg":3,"minecraft:item_frame":9,"minecraft:oak_leaves":1,"minecraft:exposed_cut_copper_stairs":51,"minecraft:waxed_exposed_copper":218,"upgradednetherite:netherite_bow":1,"minecraft:crafting_table":1,"capybara:capybara_spawn_egg":12,"minecraft:bee_nest":1,"minecraft:granite_wall":2,"armaduras_d:ajolote_leggings":1,"minecraft:crimson_fence_gate":1}},"DataVersion":2975}